;Customer Status
0;Stayed
1;Stayed
2;Churned
3;Churned
4;Churned
5;Stayed
6;Stayed
7;Stayed
8;Stayed
9;Stayed
10;Stayed
11;Stayed
12;Stayed
13;Stayed
14;Stayed
15;Stayed
16;Stayed
17;Joined
18;Churned
19;Churned
20;Stayed
21;Churned
22;Stayed
23;Joined
24;Churned
25;Churned
26;Stayed
27;Stayed
28;Stayed
29;Stayed
30;Stayed
31;Stayed
32;Stayed
33;Stayed
34;Stayed
35;Stayed
36;Stayed
37;Stayed
38;Stayed
39;Stayed
40;Churned
41;Stayed
42;Stayed
43;Stayed
44;Stayed
45;Stayed
46;Stayed
47;Stayed
48;Joined
49;Stayed
50;Stayed
51;Stayed
52;Stayed
53;Churned
54;Churned
55;Stayed
56;Stayed
57;Stayed
58;Stayed
59;Stayed
60;Stayed
61;Stayed
62;Stayed
63;Churned
64;Churned
65;Stayed
66;Stayed
67;Churned
68;Stayed
69;Stayed
70;Stayed
71;Churned
72;Churned
73;Stayed
74;Stayed
75;Churned
76;Stayed
77;Churned
78;Stayed
79;Stayed
80;Stayed
81;Stayed
82;Churned
83;Stayed
84;Churned
85;Stayed
86;Churned
87;Churned
88;Joined
89;Stayed
90;Stayed
91;Stayed
92;Churned
93;Churned
94;Churned
95;Stayed
96;Stayed
97;Stayed
98;Stayed
99;Stayed
100;Joined
101;Stayed
102;Stayed
103;Stayed
104;Stayed
105;Stayed
106;Joined
107;Stayed
108;Stayed
109;Churned
110;Churned
111;Stayed
112;Churned
113;Stayed
114;Stayed
115;Churned
116;Churned
117;Stayed
118;Stayed
119;Churned
120;Stayed
121;Stayed
122;Stayed
123;Stayed
124;Stayed
125;Stayed
126;Churned
127;Churned
128;Stayed
129;Stayed
130;Stayed
131;Churned
132;Stayed
133;Joined
134;Joined
135;Stayed
136;Stayed
137;Stayed
138;Stayed
139;Churned
140;Stayed
141;Stayed
142;Churned
143;Churned
144;Stayed
145;Stayed
146;Stayed
147;Stayed
148;Joined
149;Joined
150;Stayed
151;Stayed
152;Stayed
153;Stayed
154;Stayed
155;Churned
156;Stayed
157;Churned
158;Joined
159;Churned
160;Churned
161;Stayed
162;Stayed
163;Churned
164;Stayed
165;Stayed
166;Stayed
167;Churned
168;Stayed
169;Stayed
170;Stayed
171;Stayed
172;Stayed
173;Churned
174;Churned
175;Stayed
176;Stayed
177;Stayed
178;Stayed
179;Stayed
180;Churned
181;Stayed
182;Stayed
183;Stayed
184;Stayed
185;Stayed
186;Churned
187;Stayed
188;Stayed
189;Stayed
190;Churned
191;Stayed
192;Stayed
193;Stayed
194;Churned
195;Stayed
196;Stayed
197;Stayed
198;Churned
199;Stayed
200;Stayed
201;Churned
202;Stayed
203;Joined
204;Stayed
205;Churned
206;Churned
207;Churned
208;Joined
209;Churned
210;Churned
211;Stayed
212;Stayed
213;Churned
214;Churned
215;Stayed
216;Churned
217;Churned
218;Stayed
219;Stayed
220;Stayed
221;Churned
222;Stayed
223;Churned
224;Stayed
225;Stayed
226;Churned
227;Stayed
228;Churned
229;Stayed
230;Stayed
231;Stayed
232;Stayed
233;Stayed
234;Churned
235;Churned
236;Stayed
237;Stayed
238;Stayed
239;Stayed
240;Joined
241;Stayed
242;Stayed
243;Joined
244;Stayed
245;Joined
246;Churned
247;Stayed
248;Churned
249;Stayed
250;Stayed
251;Churned
252;Churned
253;Churned
254;Stayed
255;Stayed
256;Stayed
257;Stayed
258;Stayed
259;Stayed
260;Stayed
261;Churned
262;Churned
263;Stayed
264;Stayed
265;Joined
266;Stayed
267;Stayed
268;Churned
269;Stayed
270;Stayed
271;Churned
272;Stayed
273;Stayed
274;Churned
275;Churned
276;Churned
277;Stayed
278;Stayed
279;Joined
280;Stayed
281;Churned
282;Stayed
283;Churned
284;Stayed
285;Stayed
286;Stayed
287;Stayed
288;Stayed
289;Churned
290;Stayed
291;Stayed
292;Stayed
293;Churned
294;Joined
295;Stayed
296;Stayed
297;Stayed
298;Stayed
299;Stayed
300;Stayed
301;Stayed
302;Stayed
303;Stayed
304;Churned
305;Stayed
306;Stayed
307;Stayed
308;Joined
309;Stayed
310;Stayed
311;Churned
312;Stayed
313;Joined
314;Stayed
315;Stayed
316;Stayed
317;Stayed
318;Churned
319;Churned
320;Stayed
321;Stayed
322;Stayed
323;Stayed
324;Stayed
325;Stayed
326;Stayed
327;Churned
328;Stayed
329;Stayed
330;Stayed
331;Stayed
332;Churned
333;Stayed
334;Stayed
335;Churned
336;Churned
337;Stayed
338;Churned
339;Stayed
340;Churned
341;Stayed
342;Joined
343;Stayed
344;Churned
345;Stayed
346;Stayed
347;Churned
348;Stayed
349;Stayed
350;Stayed
351;Churned
352;Churned
353;Stayed
354;Churned
355;Churned
356;Stayed
357;Churned
358;Stayed
359;Churned
360;Stayed
361;Stayed
362;Stayed
363;Churned
364;Stayed
365;Stayed
366;Stayed
367;Stayed
368;Stayed
369;Joined
370;Stayed
371;Stayed
372;Stayed
373;Stayed
374;Stayed
375;Stayed
376;Stayed
377;Stayed
378;Stayed
379;Churned
380;Stayed
381;Churned
382;Stayed
383;Stayed
384;Stayed
385;Churned
386;Stayed
387;Stayed
388;Stayed
389;Churned
390;Stayed
391;Churned
392;Stayed
393;Stayed
394;Stayed
395;Stayed
396;Stayed
397;Stayed
398;Churned
399;Stayed
400;Stayed
401;Churned
402;Stayed
403;Churned
404;Stayed
405;Stayed
406;Stayed
407;Stayed
408;Churned
409;Stayed
410;Stayed
411;Churned
412;Churned
413;Stayed
414;Churned
415;Churned
416;Churned
417;Churned
418;Stayed
419;Stayed
420;Stayed
421;Stayed
422;Stayed
423;Stayed
424;Stayed
425;Churned
426;Stayed
427;Joined
428;Churned
429;Stayed
430;Stayed
431;Churned
432;Churned
433;Stayed
434;Churned
435;Churned
436;Churned
437;Churned
438;Stayed
439;Joined
440;Churned
441;Stayed
442;Stayed
443;Churned
444;Stayed
445;Churned
446;Stayed
447;Stayed
448;Stayed
449;Stayed
450;Stayed
451;Churned
452;Stayed
453;Stayed
454;Stayed
455;Stayed
456;Stayed
457;Joined
458;Joined
459;Stayed
460;Joined
461;Stayed
462;Stayed
463;Stayed
464;Churned
465;Stayed
466;Churned
467;Stayed
468;Churned
469;Churned
470;Churned
471;Stayed
472;Churned
473;Stayed
474;Churned
475;Churned
476;Stayed
477;Stayed
478;Churned
479;Stayed
480;Stayed
481;Stayed
482;Churned
483;Stayed
484;Stayed
485;Stayed
486;Stayed
487;Churned
488;Stayed
489;Churned
490;Stayed
491;Churned
492;Churned
493;Stayed
494;Stayed
495;Stayed
496;Churned
497;Stayed
498;Churned
499;Stayed
500;Stayed
501;Stayed
502;Stayed
503;Churned
504;Joined
505;Stayed
506;Stayed
507;Churned
508;Churned
509;Stayed
510;Stayed
511;Stayed
512;Stayed
513;Churned
514;Churned
515;Stayed
516;Stayed
517;Stayed
518;Stayed
519;Churned
520;Stayed
521;Stayed
522;Churned
523;Stayed
524;Stayed
525;Stayed
526;Churned
527;Stayed
528;Stayed
529;Churned
530;Stayed
531;Churned
532;Stayed
533;Stayed
534;Stayed
535;Churned
536;Stayed
537;Stayed
538;Stayed
539;Stayed
540;Stayed
541;Stayed
542;Stayed
543;Stayed
544;Stayed
545;Stayed
546;Churned
547;Stayed
548;Stayed
549;Stayed
550;Churned
551;Stayed
552;Stayed
553;Joined
554;Joined
555;Churned
556;Stayed
557;Churned
558;Stayed
559;Churned
560;Stayed
561;Stayed
562;Stayed
563;Stayed
564;Stayed
565;Stayed
566;Stayed
567;Stayed
568;Churned
569;Stayed
570;Stayed
571;Stayed
572;Stayed
573;Churned
574;Stayed
575;Churned
576;Stayed
577;Stayed
578;Stayed
579;Stayed
580;Stayed
581;Stayed
582;Stayed
583;Stayed
584;Stayed
585;Stayed
586;Stayed
587;Churned
588;Stayed
589;Churned
590;Stayed
591;Stayed
592;Churned
593;Joined
594;Churned
595;Stayed
596;Stayed
597;Churned
598;Churned
599;Churned
600;Churned
601;Stayed
602;Churned
603;Churned
604;Stayed
605;Churned
606;Churned
607;Stayed
608;Churned
609;Stayed
610;Stayed
611;Stayed
612;Churned
613;Stayed
614;Stayed
615;Stayed
616;Stayed
617;Stayed
618;Stayed
619;Stayed
620;Stayed
621;Stayed
622;Stayed
623;Stayed
624;Stayed
625;Churned
626;Stayed
627;Churned
628;Stayed
629;Churned
630;Joined
631;Churned
632;Stayed
633;Stayed
634;Joined
635;Stayed
636;Stayed
637;Stayed
638;Stayed
639;Stayed
640;Stayed
641;Churned
642;Churned
643;Stayed
644;Stayed
645;Stayed
646;Churned
647;Stayed
648;Churned
649;Churned
650;Churned
651;Stayed
652;Stayed
653;Stayed
654;Stayed
655;Stayed
656;Stayed
657;Stayed
658;Stayed
659;Churned
660;Stayed
661;Churned
662;Stayed
663;Churned
664;Joined
665;Stayed
666;Stayed
667;Stayed
668;Joined
669;Stayed
670;Churned
671;Stayed
672;Stayed
673;Stayed
674;Stayed
675;Joined
676;Churned
677;Stayed
678;Stayed
679;Stayed
680;Churned
681;Stayed
682;Churned
683;Churned
684;Stayed
685;Stayed
686;Joined
687;Stayed
688;Stayed
689;Stayed
690;Stayed
691;Stayed
692;Churned
693;Stayed
694;Churned
695;Stayed
696;Stayed
697;Stayed
698;Churned
699;Churned
700;Stayed
701;Stayed
702;Stayed
703;Stayed
704;Churned
705;Churned
706;Stayed
707;Stayed
708;Churned
709;Stayed
710;Stayed
711;Stayed
712;Stayed
713;Stayed
714;Joined
715;Stayed
716;Stayed
717;Stayed
718;Stayed
719;Stayed
720;Churned
721;Stayed
722;Joined
723;Churned
724;Stayed
725;Churned
726;Stayed
727;Stayed
728;Stayed
729;Churned
730;Stayed
731;Joined
732;Stayed
733;Stayed
734;Churned
735;Stayed
736;Churned
737;Stayed
738;Churned
739;Stayed
740;Stayed
741;Stayed
742;Stayed
743;Stayed
744;Stayed
745;Stayed
746;Churned
747;Stayed
748;Stayed
749;Stayed
750;Churned
751;Stayed
752;Stayed
753;Stayed
754;Stayed
755;Joined
756;Stayed
757;Joined
758;Stayed
759;Stayed
760;Stayed
761;Stayed
762;Stayed
763;Stayed
764;Churned
765;Churned
766;Churned
767;Stayed
768;Stayed
769;Churned
770;Stayed
771;Churned
772;Stayed
773;Stayed
774;Stayed
775;Stayed
776;Stayed
777;Stayed
778;Stayed
779;Stayed
780;Joined
781;Stayed
782;Stayed
783;Stayed
784;Stayed
785;Stayed
786;Churned
787;Churned
788;Stayed
789;Churned
790;Stayed
791;Stayed
792;Joined
793;Churned
794;Stayed
795;Stayed
796;Stayed
797;Stayed
798;Stayed
799;Stayed
800;Stayed
801;Stayed
802;Stayed
803;Stayed
804;Stayed
805;Stayed
806;Stayed
807;Stayed
808;Stayed
809;Stayed
810;Joined
811;Stayed
812;Churned
813;Stayed
814;Churned
815;Stayed
816;Stayed
817;Joined
818;Churned
819;Churned
820;Stayed
821;Stayed
822;Stayed
823;Churned
824;Stayed
825;Stayed
826;Churned
827;Stayed
828;Stayed
829;Joined
830;Churned
831;Stayed
832;Stayed
833;Stayed
834;Stayed
835;Stayed
836;Stayed
837;Churned
838;Stayed
839;Stayed
840;Stayed
841;Stayed
842;Stayed
843;Stayed
844;Stayed
845;Churned
846;Stayed
847;Churned
848;Stayed
849;Stayed
850;Joined
851;Stayed
852;Churned
853;Stayed
854;Stayed
855;Churned
856;Stayed
857;Stayed
858;Stayed
859;Stayed
860;Stayed
861;Churned
862;Stayed
863;Churned
864;Stayed
865;Stayed
866;Churned
867;Stayed
868;Churned
869;Churned
870;Stayed
871;Stayed
872;Stayed
873;Churned
874;Stayed
875;Stayed
876;Churned
877;Stayed
878;Stayed
879;Churned
880;Stayed
881;Stayed
882;Churned
883;Stayed
884;Churned
885;Stayed
886;Stayed
887;Stayed
888;Stayed
889;Stayed
890;Stayed
891;Stayed
892;Stayed
893;Stayed
894;Stayed
895;Stayed
896;Churned
897;Stayed
898;Stayed
899;Stayed
900;Stayed
901;Churned
902;Stayed
903;Stayed
904;Stayed
905;Stayed
906;Churned
907;Stayed
908;Churned
909;Churned
910;Churned
911;Stayed
912;Stayed
913;Stayed
914;Stayed
915;Churned
916;Stayed
917;Stayed
918;Stayed
919;Stayed
920;Stayed
921;Stayed
922;Stayed
923;Churned
924;Churned
925;Stayed
926;Stayed
927;Stayed
928;Stayed
929;Stayed
930;Churned
931;Stayed
932;Stayed
933;Stayed
934;Stayed
935;Stayed
936;Stayed
937;Stayed
938;Stayed
939;Stayed
940;Stayed
941;Stayed
942;Stayed
943;Churned
944;Stayed
945;Stayed
946;Stayed
947;Stayed
948;Churned
949;Churned
950;Stayed
951;Stayed
952;Churned
953;Stayed
954;Stayed
955;Stayed
956;Churned
957;Stayed
958;Stayed
959;Joined
960;Stayed
961;Stayed
962;Stayed
963;Churned
964;Stayed
965;Stayed
966;Stayed
967;Churned
968;Stayed
969;Stayed
970;Stayed
971;Stayed
972;Stayed
973;Joined
974;Joined
975;Stayed
976;Stayed
977;Stayed
978;Churned
979;Stayed
980;Stayed
981;Joined
982;Stayed
983;Churned
984;Stayed
985;Stayed
986;Stayed
987;Stayed
988;Stayed
989;Churned
990;Stayed
991;Stayed
992;Stayed
993;Stayed
994;Churned
995;Churned
996;Churned
997;Stayed
998;Churned
999;Churned
1000;Churned
1001;Churned
1002;Stayed
1003;Stayed
1004;Joined
1005;Stayed
1006;Joined
1007;Churned
1008;Stayed
1009;Churned
1010;Stayed
1011;Stayed
1012;Stayed
1013;Stayed
1014;Churned
1015;Joined
1016;Stayed
1017;Stayed
1018;Stayed
1019;Joined
1020;Stayed
1021;Stayed
1022;Stayed
1023;Joined
1024;Stayed
1025;Stayed
1026;Churned
1027;Stayed
1028;Stayed
1029;Stayed
1030;Stayed
1031;Stayed
1032;Stayed
1033;Churned
1034;Stayed
1035;Churned
1036;Stayed
1037;Stayed
1038;Churned
1039;Churned
1040;Stayed
1041;Stayed
1042;Churned
1043;Stayed
1044;Churned
1045;Churned
1046;Stayed
1047;Churned
1048;Stayed
1049;Stayed
1050;Stayed
1051;Joined
1052;Stayed
1053;Stayed
1054;Churned
1055;Stayed
1056;Stayed
1057;Stayed
1058;Stayed
1059;Stayed
1060;Stayed
1061;Stayed
1062;Churned
1063;Stayed
1064;Stayed
1065;Stayed
1066;Churned
1067;Stayed
1068;Stayed
1069;Stayed
1070;Stayed
1071;Stayed
1072;Stayed
1073;Churned
1074;Churned
1075;Churned
1076;Stayed
1077;Stayed
1078;Churned
1079;Churned
1080;Stayed
1081;Stayed
1082;Stayed
1083;Stayed
1084;Churned
1085;Churned
1086;Stayed
1087;Churned
1088;Churned
1089;Churned
1090;Churned
1091;Churned
1092;Stayed
1093;Churned
1094;Stayed
1095;Churned
1096;Stayed
1097;Churned
1098;Churned
1099;Stayed
1100;Stayed
1101;Stayed
1102;Churned
1103;Stayed
1104;Churned
1105;Stayed
1106;Churned
1107;Stayed
1108;Stayed
1109;Joined
1110;Churned
1111;Churned
1112;Churned
1113;Churned
1114;Churned
1115;Stayed
1116;Joined
1117;Stayed
1118;Stayed
1119;Stayed
1120;Stayed
1121;Stayed
1122;Joined
1123;Stayed
1124;Stayed
1125;Stayed
1126;Churned
1127;Stayed
1128;Stayed
1129;Churned
1130;Stayed
1131;Stayed
1132;Churned
1133;Stayed
1134;Joined
1135;Stayed
1136;Stayed
1137;Churned
1138;Stayed
1139;Churned
1140;Stayed
1141;Stayed
1142;Stayed
1143;Stayed
1144;Stayed
1145;Stayed
1146;Stayed
1147;Churned
1148;Stayed
1149;Stayed
1150;Stayed
1151;Stayed
1152;Stayed
1153;Stayed
1154;Stayed
1155;Churned
1156;Stayed
1157;Stayed
1158;Stayed
1159;Stayed
1160;Churned
1161;Stayed
1162;Stayed
1163;Stayed
1164;Stayed
1165;Stayed
1166;Stayed
1167;Stayed
1168;Churned
1169;Churned
1170;Joined
1171;Churned
1172;Churned
1173;Joined
1174;Stayed
1175;Stayed
1176;Stayed
1177;Stayed
1178;Churned
1179;Stayed
1180;Churned
1181;Stayed
1182;Stayed
1183;Churned
1184;Stayed
1185;Stayed
1186;Joined
1187;Churned
1188;Stayed
1189;Stayed
1190;Stayed
1191;Stayed
1192;Joined
1193;Stayed
1194;Stayed
1195;Churned
1196;Stayed
1197;Joined
1198;Stayed
1199;Stayed
1200;Stayed
1201;Stayed
1202;Stayed
1203;Churned
1204;Stayed
1205;Churned
1206;Stayed
1207;Stayed
1208;Joined
1209;Stayed
1210;Stayed
1211;Stayed
1212;Stayed
1213;Stayed
1214;Joined
1215;Churned
1216;Churned
1217;Stayed
1218;Joined
1219;Stayed
1220;Churned
1221;Stayed
1222;Stayed
1223;Stayed
1224;Stayed
1225;Stayed
1226;Stayed
1227;Joined
1228;Stayed
1229;Stayed
1230;Churned
1231;Stayed
1232;Stayed
1233;Stayed
1234;Stayed
1235;Stayed
1236;Churned
1237;Stayed
1238;Stayed
1239;Stayed
1240;Stayed
1241;Stayed
1242;Stayed
1243;Stayed
1244;Churned
1245;Stayed
1246;Stayed
1247;Joined
1248;Churned
1249;Stayed
1250;Stayed
1251;Stayed
1252;Stayed
1253;Stayed
1254;Stayed
1255;Churned
1256;Stayed
1257;Stayed
1258;Stayed
1259;Churned
1260;Stayed
1261;Stayed
1262;Joined
1263;Churned
1264;Stayed
1265;Churned
1266;Stayed
1267;Churned
1268;Stayed
1269;Churned
1270;Stayed
1271;Churned
1272;Stayed
1273;Churned
1274;Churned
1275;Joined
1276;Stayed
1277;Stayed
1278;Stayed
1279;Churned
1280;Churned
1281;Stayed
1282;Joined
1283;Churned
1284;Stayed
1285;Stayed
1286;Churned
1287;Stayed
1288;Churned
1289;Stayed
1290;Stayed
1291;Stayed
1292;Stayed
1293;Churned
1294;Stayed
1295;Stayed
1296;Joined
1297;Stayed
1298;Stayed
1299;Stayed
1300;Stayed
1301;Stayed
1302;Stayed
1303;Churned
1304;Stayed
1305;Stayed
1306;Stayed
1307;Stayed
1308;Joined
1309;Joined
1310;Stayed
1311;Stayed
1312;Stayed
1313;Stayed
1314;Stayed
1315;Stayed
1316;Stayed
1317;Stayed
1318;Stayed
1319;Churned
1320;Churned
1321;Stayed
1322;Churned
1323;Churned
1324;Stayed
1325;Stayed
1326;Stayed
1327;Stayed
1328;Churned
1329;Churned
1330;Churned
1331;Churned
1332;Stayed
1333;Churned
1334;Stayed
1335;Stayed
1336;Stayed
1337;Stayed
1338;Churned
1339;Stayed
1340;Stayed
1341;Stayed
1342;Stayed
1343;Stayed
1344;Stayed
1345;Stayed
1346;Churned
1347;Churned
1348;Churned
1349;Stayed
1350;Stayed
1351;Churned
1352;Churned
1353;Churned
1354;Stayed
1355;Stayed
1356;Stayed
1357;Joined
1358;Stayed
1359;Stayed
1360;Churned
1361;Churned
1362;Churned
1363;Stayed
1364;Stayed
1365;Churned
1366;Churned
1367;Stayed
1368;Stayed
1369;Churned
1370;Churned
1371;Churned
1372;Churned
1373;Stayed
1374;Stayed
1375;Stayed
1376;Stayed
1377;Stayed
1378;Stayed
1379;Stayed
1380;Stayed
1381;Stayed
1382;Joined
1383;Stayed
1384;Joined
1385;Stayed
1386;Stayed
1387;Stayed
1388;Churned
1389;Stayed
1390;Stayed
1391;Stayed
1392;Churned
1393;Churned
1394;Stayed
1395;Stayed
1396;Stayed
1397;Stayed
1398;Churned
1399;Stayed
1400;Stayed
1401;Stayed
1402;Churned
1403;Stayed
1404;Stayed
1405;Stayed
1406;Stayed
1407;Stayed
1408;Churned
1409;Stayed
1410;Joined
1411;Joined
1412;Joined
1413;Joined
1414;Churned
1415;Churned
1416;Stayed
1417;Stayed
1418;Stayed
1419;Stayed
1420;Stayed
1421;Churned
1422;Churned
1423;Stayed
1424;Stayed
1425;Churned
1426;Stayed
1427;Joined
1428;Stayed
1429;Stayed
1430;Stayed
1431;Churned
1432;Churned
1433;Joined
1434;Churned
1435;Churned
1436;Stayed
1437;Stayed
1438;Stayed
1439;Stayed
1440;Stayed
1441;Stayed
1442;Stayed
1443;Stayed
1444;Stayed
1445;Stayed
1446;Churned
1447;Stayed
1448;Stayed
1449;Stayed
1450;Churned
1451;Stayed
1452;Stayed
1453;Stayed
1454;Stayed
1455;Stayed
1456;Churned
1457;Stayed
1458;Churned
1459;Churned
1460;Stayed
1461;Churned
1462;Stayed
1463;Stayed
1464;Stayed
1465;Stayed
1466;Churned
1467;Stayed
1468;Stayed
1469;Stayed
1470;Stayed
1471;Stayed
1472;Stayed
1473;Stayed
1474;Churned
1475;Stayed
1476;Joined
1477;Stayed
1478;Churned
1479;Stayed
1480;Stayed
1481;Churned
1482;Churned
1483;Stayed
1484;Stayed
1485;Stayed
1486;Stayed
1487;Stayed
1488;Stayed
1489;Stayed
1490;Churned
1491;Stayed
1492;Stayed
1493;Churned
1494;Stayed
1495;Stayed
1496;Stayed
1497;Churned
1498;Churned
1499;Churned
1500;Stayed
1501;Stayed
1502;Stayed
1503;Stayed
1504;Stayed
1505;Stayed
1506;Joined
1507;Stayed
1508;Stayed
1509;Stayed
1510;Churned
1511;Joined
1512;Stayed
1513;Churned
1514;Churned
1515;Stayed
1516;Stayed
1517;Stayed
1518;Stayed
1519;Stayed
1520;Stayed
1521;Churned
1522;Stayed
1523;Stayed
1524;Stayed
1525;Stayed
1526;Stayed
1527;Stayed
1528;Churned
1529;Stayed
1530;Churned
1531;Joined
1532;Stayed
1533;Churned
1534;Stayed
1535;Stayed
1536;Stayed
1537;Stayed
1538;Churned
1539;Stayed
1540;Stayed
1541;Stayed
1542;Stayed
1543;Stayed
1544;Stayed
1545;Joined
1546;Stayed
1547;Stayed
1548;Stayed
1549;Churned
1550;Joined
1551;Stayed
1552;Churned
1553;Stayed
1554;Stayed
1555;Stayed
1556;Stayed
1557;Stayed
1558;Stayed
1559;Churned
1560;Stayed
1561;Stayed
1562;Joined
1563;Stayed
1564;Joined
1565;Churned
1566;Stayed
1567;Stayed
1568;Stayed
1569;Stayed
1570;Stayed
1571;Stayed
1572;Stayed
1573;Stayed
1574;Stayed
1575;Stayed
1576;Stayed
1577;Stayed
1578;Stayed
1579;Churned
1580;Stayed
1581;Joined
1582;Stayed
1583;Stayed
1584;Joined
1585;Churned
1586;Churned
1587;Stayed
1588;Stayed
1589;Churned
1590;Stayed
1591;Stayed
1592;Stayed
1593;Churned
1594;Stayed
1595;Stayed
1596;Stayed
1597;Stayed
1598;Joined
1599;Stayed
1600;Churned
1601;Stayed
1602;Churned
1603;Stayed
1604;Stayed
1605;Stayed
1606;Stayed
1607;Joined
1608;Churned
1609;Stayed
1610;Stayed
1611;Stayed
1612;Stayed
1613;Stayed
1614;Stayed
1615;Stayed
1616;Churned
1617;Stayed
1618;Churned
1619;Churned
1620;Stayed
1621;Stayed
1622;Stayed
1623;Churned
1624;Stayed
1625;Stayed
1626;Stayed
1627;Joined
1628;Churned
1629;Stayed
1630;Stayed
1631;Stayed
1632;Churned
1633;Stayed
1634;Stayed
1635;Stayed
1636;Stayed
1637;Churned
1638;Stayed
1639;Stayed
1640;Churned
1641;Stayed
1642;Churned
1643;Stayed
1644;Stayed
1645;Stayed
1646;Stayed
1647;Churned
1648;Joined
1649;Churned
1650;Churned
1651;Stayed
1652;Stayed
1653;Stayed
1654;Churned
1655;Stayed
1656;Stayed
1657;Stayed
1658;Churned
1659;Churned
1660;Joined
1661;Stayed
1662;Stayed
1663;Joined
1664;Stayed
1665;Stayed
1666;Stayed
1667;Stayed
1668;Churned
1669;Stayed
1670;Churned
1671;Stayed
1672;Stayed
1673;Stayed
1674;Stayed
1675;Churned
1676;Churned
1677;Stayed
1678;Stayed
1679;Stayed
1680;Stayed
1681;Stayed
1682;Stayed
1683;Stayed
1684;Churned
1685;Stayed
1686;Stayed
1687;Churned
1688;Stayed
1689;Churned
1690;Joined
1691;Stayed
1692;Stayed
1693;Joined
1694;Stayed
1695;Churned
1696;Churned
1697;Stayed
1698;Stayed
1699;Stayed
1700;Stayed
1701;Churned
1702;Stayed
1703;Joined
1704;Stayed
1705;Stayed
1706;Churned
1707;Stayed
1708;Churned
1709;Churned
1710;Stayed
1711;Churned
1712;Stayed
1713;Stayed
1714;Stayed
1715;Stayed
1716;Stayed
1717;Stayed
1718;Churned
1719;Churned
1720;Stayed
1721;Stayed
1722;Stayed
1723;Stayed
1724;Churned
1725;Churned
1726;Stayed
1727;Stayed
1728;Churned
1729;Stayed
1730;Stayed
1731;Stayed
1732;Stayed
1733;Stayed
1734;Stayed
1735;Stayed
1736;Stayed
1737;Churned
1738;Churned
1739;Stayed
1740;Churned
1741;Stayed
1742;Stayed
1743;Joined
1744;Stayed
1745;Joined
1746;Joined
1747;Stayed
1748;Stayed
1749;Stayed
1750;Stayed
1751;Stayed
1752;Stayed
1753;Stayed
1754;Stayed
1755;Churned
1756;Churned
1757;Churned
1758;Stayed
1759;Stayed
1760;Churned
1761;Joined
1762;Stayed
1763;Stayed
1764;Stayed
1765;Stayed
1766;Stayed
1767;Stayed
1768;Joined
1769;Stayed
1770;Stayed
1771;Stayed
1772;Stayed
1773;Stayed
1774;Churned
1775;Joined
1776;Stayed
1777;Stayed
1778;Stayed
1779;Stayed
1780;Stayed
1781;Stayed
1782;Stayed
1783;Churned
1784;Stayed
1785;Joined
1786;Churned
1787;Churned
1788;Stayed
1789;Churned
1790;Churned
1791;Stayed
1792;Stayed
1793;Stayed
1794;Churned
1795;Joined
1796;Stayed
1797;Stayed
1798;Churned
1799;Stayed
1800;Stayed
1801;Stayed
1802;Churned
1803;Churned
1804;Churned
1805;Churned
1806;Stayed
1807;Joined
1808;Stayed
1809;Joined
1810;Churned
1811;Churned
1812;Stayed
1813;Churned
1814;Stayed
1815;Stayed
1816;Stayed
1817;Joined
1818;Churned
1819;Churned
1820;Churned
1821;Stayed
1822;Churned
1823;Churned
1824;Stayed
1825;Stayed
1826;Stayed
1827;Stayed
1828;Churned
1829;Joined
1830;Stayed
1831;Stayed
1832;Churned
1833;Churned
1834;Joined
1835;Stayed
1836;Stayed
1837;Stayed
1838;Stayed
1839;Stayed
1840;Stayed
1841;Stayed
1842;Stayed
1843;Joined
1844;Stayed
1845;Stayed
1846;Stayed
1847;Stayed
1848;Churned
1849;Stayed
1850;Churned
1851;Churned
1852;Stayed
1853;Stayed
1854;Churned
1855;Stayed
1856;Stayed
1857;Joined
1858;Stayed
1859;Stayed
1860;Churned
1861;Stayed
1862;Stayed
1863;Joined
1864;Stayed
1865;Stayed
1866;Stayed
1867;Joined
1868;Joined
1869;Stayed
1870;Stayed
1871;Churned
1872;Stayed
1873;Churned
1874;Stayed
1875;Churned
1876;Churned
1877;Churned
1878;Stayed
1879;Stayed
1880;Churned
1881;Stayed
1882;Stayed
1883;Stayed
1884;Stayed
1885;Churned
1886;Churned
1887;Stayed
1888;Stayed
1889;Stayed
1890;Joined
1891;Stayed
1892;Churned
1893;Stayed
1894;Stayed
1895;Stayed
1896;Stayed
1897;Churned
1898;Churned
1899;Stayed
1900;Churned
1901;Stayed
1902;Stayed
1903;Stayed
1904;Stayed
1905;Churned
1906;Stayed
1907;Churned
1908;Churned
1909;Stayed
1910;Stayed
1911;Stayed
1912;Stayed
1913;Stayed
1914;Joined
1915;Stayed
1916;Stayed
1917;Joined
1918;Joined
1919;Churned
1920;Stayed
1921;Stayed
1922;Stayed
1923;Stayed
1924;Stayed
1925;Stayed
1926;Joined
1927;Stayed
1928;Stayed
1929;Stayed
1930;Stayed
1931;Stayed
1932;Stayed
1933;Stayed
1934;Stayed
1935;Churned
1936;Stayed
1937;Stayed
1938;Stayed
1939;Joined
1940;Churned
1941;Stayed
1942;Churned
1943;Stayed
1944;Stayed
1945;Stayed
1946;Stayed
1947;Stayed
1948;Stayed
1949;Stayed
1950;Stayed
1951;Stayed
1952;Stayed
1953;Stayed
1954;Stayed
1955;Joined
1956;Churned
1957;Stayed
1958;Churned
1959;Churned
1960;Churned
1961;Churned
1962;Stayed
1963;Churned
1964;Stayed
1965;Churned
1966;Churned
1967;Stayed
1968;Stayed
1969;Stayed
1970;Stayed
1971;Joined
1972;Churned
1973;Churned
1974;Stayed
1975;Churned
1976;Churned
1977;Stayed
1978;Joined
1979;Stayed
1980;Churned
1981;Joined
1982;Churned
1983;Stayed
1984;Churned
1985;Churned
1986;Churned
1987;Churned
1988;Stayed
1989;Stayed
1990;Churned
1991;Stayed
1992;Stayed
1993;Stayed
1994;Joined
1995;Stayed
1996;Stayed
1997;Stayed
1998;Churned
1999;Stayed
2000;Churned
2001;Stayed
2002;Stayed
2003;Churned
2004;Stayed
2005;Stayed
2006;Churned
2007;Stayed
2008;Joined
2009;Churned
2010;Stayed
2011;Stayed
2012;Joined
2013;Stayed
2014;Joined
2015;Stayed
2016;Stayed
2017;Stayed
2018;Stayed
2019;Churned
2020;Stayed
2021;Stayed
2022;Churned
2023;Joined
2024;Stayed
2025;Stayed
2026;Stayed
2027;Stayed
2028;Stayed
2029;Stayed
2030;Stayed
2031;Stayed
2032;Stayed
2033;Churned
2034;Churned
2035;Churned
2036;Stayed
2037;Stayed
2038;Stayed
2039;Stayed
2040;Churned
2041;Stayed
2042;Stayed
2043;Stayed
2044;Churned
2045;Churned
2046;Churned
2047;Stayed
2048;Churned
2049;Churned
2050;Churned
2051;Stayed
2052;Churned
2053;Stayed
2054;Stayed
2055;Stayed
2056;Churned
2057;Stayed
2058;Stayed
2059;Churned
2060;Joined
2061;Churned
2062;Joined
2063;Stayed
2064;Stayed
2065;Stayed
2066;Stayed
2067;Stayed
2068;Stayed
2069;Stayed
2070;Churned
2071;Churned
2072;Churned
2073;Churned
2074;Joined
2075;Churned
2076;Stayed
2077;Stayed
2078;Stayed
2079;Stayed
2080;Stayed
2081;Stayed
2082;Joined
2083;Stayed
2084;Churned
2085;Stayed
2086;Stayed
2087;Churned
2088;Stayed
2089;Stayed
2090;Stayed
2091;Churned
2092;Stayed
2093;Stayed
2094;Stayed
2095;Churned
2096;Stayed
2097;Churned
2098;Joined
2099;Churned
2100;Stayed
2101;Stayed
2102;Stayed
2103;Stayed
2104;Churned
2105;Stayed
2106;Stayed
2107;Churned
2108;Stayed
2109;Stayed
2110;Churned
2111;Stayed
2112;Churned
2113;Joined
2114;Churned
2115;Stayed
2116;Joined
2117;Stayed
2118;Joined
2119;Churned
2120;Churned
2121;Churned
2122;Joined
2123;Stayed
2124;Stayed
2125;Stayed
2126;Stayed
2127;Stayed
2128;Churned
2129;Stayed
2130;Stayed
2131;Stayed
2132;Stayed
2133;Churned
2134;Churned
2135;Stayed
2136;Churned
2137;Joined
2138;Stayed
2139;Churned
2140;Stayed
2141;Stayed
2142;Joined
2143;Churned
2144;Stayed
2145;Stayed
2146;Stayed
2147;Joined
2148;Stayed
2149;Stayed
2150;Stayed
2151;Churned
2152;Stayed
2153;Stayed
2154;Stayed
2155;Churned
2156;Joined
2157;Joined
2158;Churned
2159;Churned
2160;Stayed
2161;Stayed
2162;Churned
2163;Churned
2164;Stayed
2165;Stayed
2166;Stayed
2167;Stayed
2168;Churned
2169;Churned
2170;Stayed
2171;Stayed
2172;Churned
2173;Churned
2174;Stayed
2175;Stayed
2176;Stayed
2177;Stayed
2178;Stayed
2179;Stayed
2180;Stayed
2181;Stayed
2182;Stayed
2183;Stayed
2184;Joined
2185;Stayed
2186;Churned
2187;Stayed
2188;Stayed
2189;Stayed
2190;Stayed
2191;Churned
2192;Churned
2193;Churned
2194;Churned
2195;Stayed
2196;Stayed
2197;Stayed
2198;Stayed
2199;Churned
2200;Stayed
2201;Stayed
2202;Joined
2203;Churned
2204;Stayed
2205;Stayed
2206;Stayed
2207;Stayed
2208;Stayed
2209;Churned
2210;Stayed
2211;Churned
2212;Stayed
2213;Stayed
2214;Stayed
2215;Stayed
2216;Stayed
2217;Stayed
2218;Stayed
2219;Stayed
2220;Churned
2221;Stayed
2222;Churned
2223;Stayed
2224;Stayed
2225;Stayed
2226;Stayed
2227;Churned
2228;Stayed
2229;Stayed
2230;Churned
2231;Joined
2232;Stayed
2233;Churned
2234;Churned
2235;Joined
2236;Stayed
2237;Stayed
2238;Stayed
2239;Churned
2240;Stayed
2241;Stayed
2242;Stayed
2243;Stayed
2244;Churned
2245;Churned
2246;Stayed
2247;Stayed
2248;Churned
2249;Stayed
2250;Stayed
2251;Stayed
2252;Churned
2253;Stayed
2254;Stayed
2255;Stayed
2256;Churned
2257;Stayed
2258;Stayed
2259;Stayed
2260;Stayed
2261;Stayed
2262;Churned
2263;Joined
2264;Churned
2265;Churned
2266;Stayed
2267;Stayed
2268;Stayed
2269;Churned
2270;Joined
2271;Churned
2272;Stayed
2273;Churned
2274;Stayed
2275;Stayed
2276;Churned
2277;Stayed
2278;Stayed
2279;Stayed
2280;Stayed
2281;Stayed
2282;Churned
2283;Stayed
2284;Stayed
2285;Stayed
2286;Stayed
2287;Stayed
2288;Churned
2289;Stayed
2290;Stayed
2291;Stayed
2292;Churned
2293;Joined
2294;Stayed
2295;Stayed
2296;Stayed
2297;Stayed
2298;Stayed
2299;Stayed
2300;Churned
2301;Stayed
2302;Joined
2303;Churned
2304;Stayed
2305;Stayed
2306;Stayed
2307;Stayed
2308;Stayed
2309;Stayed
2310;Joined
2311;Stayed
2312;Stayed
2313;Churned
2314;Stayed
2315;Churned
2316;Stayed
2317;Churned
2318;Stayed
2319;Stayed
2320;Joined
2321;Churned
2322;Churned
2323;Stayed
2324;Stayed
2325;Stayed
2326;Churned
2327;Stayed
2328;Churned
2329;Churned
2330;Churned
2331;Churned
2332;Stayed
2333;Stayed
2334;Stayed
2335;Stayed
2336;Stayed
2337;Churned
2338;Stayed
2339;Churned
2340;Stayed
2341;Stayed
2342;Churned
2343;Stayed
2344;Stayed
2345;Stayed
2346;Stayed
2347;Stayed
2348;Stayed
2349;Stayed
2350;Stayed
2351;Joined
2352;Stayed
2353;Churned
2354;Stayed
2355;Joined
2356;Churned
2357;Stayed
2358;Stayed
2359;Churned
2360;Stayed
2361;Stayed
2362;Stayed
2363;Churned
2364;Stayed
2365;Churned
2366;Stayed
2367;Stayed
2368;Churned
2369;Stayed
2370;Stayed
2371;Churned
2372;Stayed
2373;Churned
2374;Stayed
2375;Churned
2376;Stayed
2377;Stayed
2378;Stayed
2379;Stayed
2380;Joined
2381;Stayed
2382;Stayed
2383;Joined
2384;Joined
2385;Stayed
2386;Stayed
2387;Churned
2388;Stayed
2389;Churned
2390;Joined
2391;Stayed
2392;Joined
2393;Churned
2394;Stayed
2395;Stayed
2396;Churned
2397;Churned
2398;Stayed
2399;Stayed
2400;Churned
2401;Stayed
2402;Joined
2403;Churned
2404;Stayed
2405;Stayed
2406;Churned
2407;Stayed
2408;Stayed
2409;Stayed
2410;Stayed
2411;Stayed
2412;Stayed
2413;Stayed
2414;Stayed
2415;Stayed
2416;Stayed
2417;Stayed
2418;Stayed
2419;Stayed
2420;Stayed
2421;Stayed
2422;Stayed
2423;Stayed
2424;Stayed
2425;Stayed
2426;Stayed
2427;Stayed
2428;Churned
2429;Stayed
2430;Stayed
2431;Stayed
2432;Stayed
2433;Stayed
2434;Stayed
2435;Stayed
2436;Churned
2437;Joined
2438;Stayed
2439;Churned
2440;Stayed
2441;Stayed
2442;Stayed
2443;Churned
2444;Stayed
2445;Churned
2446;Stayed
2447;Stayed
2448;Stayed
2449;Stayed
2450;Stayed
2451;Stayed
2452;Stayed
2453;Churned
2454;Stayed
2455;Joined
2456;Churned
2457;Stayed
2458;Stayed
2459;Stayed
2460;Churned
2461;Stayed
2462;Stayed
2463;Churned
2464;Stayed
2465;Stayed
2466;Stayed
2467;Stayed
2468;Stayed
2469;Stayed
2470;Churned
2471;Stayed
2472;Stayed
2473;Churned
2474;Churned
2475;Stayed
2476;Stayed
2477;Stayed
2478;Stayed
2479;Stayed
2480;Stayed
2481;Churned
2482;Stayed
2483;Churned
2484;Stayed
2485;Stayed
2486;Stayed
2487;Stayed
2488;Churned
2489;Stayed
2490;Joined
2491;Stayed
2492;Stayed
2493;Stayed
2494;Stayed
2495;Stayed
2496;Stayed
2497;Stayed
2498;Churned
2499;Stayed
2500;Stayed
2501;Joined
2502;Stayed
2503;Stayed
2504;Churned
2505;Churned
2506;Stayed
2507;Stayed
2508;Churned
2509;Stayed
2510;Stayed
2511;Stayed
2512;Stayed
2513;Joined
2514;Stayed
2515;Joined
2516;Joined
2517;Churned
2518;Stayed
2519;Stayed
2520;Stayed
2521;Stayed
2522;Stayed
2523;Churned
2524;Stayed
2525;Stayed
2526;Stayed
2527;Stayed
2528;Joined
2529;Churned
2530;Stayed
2531;Stayed
2532;Churned
2533;Churned
2534;Stayed
2535;Stayed
2536;Stayed
2537;Stayed
2538;Stayed
2539;Stayed
2540;Stayed
2541;Stayed
2542;Stayed
2543;Stayed
2544;Churned
2545;Stayed
2546;Stayed
2547;Churned
2548;Stayed
2549;Joined
2550;Stayed
2551;Churned
2552;Stayed
2553;Stayed
2554;Stayed
2555;Stayed
2556;Stayed
2557;Churned
2558;Stayed
2559;Churned
2560;Stayed
2561;Stayed
2562;Churned
2563;Stayed
2564;Churned
2565;Churned
2566;Churned
2567;Stayed
2568;Churned
2569;Churned
2570;Stayed
2571;Stayed
2572;Churned
2573;Churned
2574;Stayed
2575;Joined
2576;Stayed
2577;Stayed
2578;Churned
2579;Churned
2580;Stayed
2581;Stayed
2582;Stayed
2583;Stayed
2584;Stayed
2585;Stayed
2586;Stayed
2587;Stayed
2588;Stayed
2589;Stayed
2590;Churned
2591;Stayed
2592;Churned
2593;Stayed
2594;Churned
2595;Churned
2596;Stayed
2597;Stayed
2598;Churned
2599;Stayed
2600;Stayed
2601;Churned
2602;Stayed
2603;Joined
2604;Stayed
2605;Stayed
2606;Joined
2607;Joined
2608;Stayed
2609;Stayed
2610;Churned
2611;Stayed
2612;Stayed
2613;Churned
2614;Stayed
2615;Stayed
2616;Stayed
2617;Stayed
2618;Joined
2619;Stayed
2620;Stayed
2621;Churned
2622;Stayed
2623;Stayed
2624;Stayed
2625;Stayed
2626;Stayed
2627;Churned
2628;Stayed
2629;Stayed
2630;Stayed
2631;Joined
2632;Churned
2633;Stayed
2634;Churned
2635;Stayed
2636;Churned
2637;Stayed
2638;Stayed
2639;Churned
2640;Stayed
2641;Churned
2642;Churned
2643;Churned
2644;Stayed
2645;Churned
2646;Stayed
2647;Stayed
2648;Churned
2649;Stayed
2650;Churned
2651;Stayed
2652;Churned
2653;Stayed
2654;Stayed
2655;Stayed
2656;Stayed
2657;Churned
2658;Stayed
2659;Stayed
2660;Stayed
2661;Stayed
2662;Stayed
2663;Stayed
2664;Joined
2665;Stayed
2666;Stayed
2667;Churned
2668;Churned
2669;Stayed
2670;Stayed
2671;Stayed
2672;Stayed
2673;Stayed
2674;Churned
2675;Joined
2676;Churned
2677;Stayed
2678;Churned
2679;Churned
2680;Churned
2681;Churned
2682;Joined
2683;Stayed
2684;Joined
2685;Stayed
2686;Stayed
2687;Stayed
2688;Churned
2689;Stayed
2690;Stayed
2691;Churned
2692;Churned
2693;Stayed
2694;Stayed
2695;Stayed
2696;Churned
2697;Stayed
2698;Churned
2699;Joined
2700;Stayed
2701;Churned
2702;Stayed
2703;Joined
2704;Stayed
2705;Stayed
2706;Stayed
2707;Stayed
2708;Stayed
2709;Churned
2710;Stayed
2711;Churned
2712;Churned
2713;Stayed
2714;Stayed
2715;Stayed
2716;Stayed
2717;Stayed
2718;Churned
2719;Churned
2720;Stayed
2721;Churned
2722;Stayed
2723;Stayed
2724;Churned
2725;Churned
2726;Joined
2727;Stayed
2728;Churned
2729;Stayed
2730;Churned
2731;Stayed
2732;Stayed
2733;Stayed
2734;Stayed
2735;Churned
2736;Stayed
2737;Stayed
2738;Stayed
2739;Stayed
2740;Stayed
2741;Stayed
2742;Churned
2743;Churned
2744;Stayed
2745;Stayed
2746;Churned
2747;Stayed
2748;Stayed
2749;Stayed
2750;Stayed
2751;Stayed
2752;Stayed
2753;Stayed
2754;Joined
2755;Stayed
2756;Churned
2757;Churned
2758;Stayed
2759;Churned
2760;Joined
2761;Churned
2762;Stayed
2763;Stayed
2764;Churned
2765;Stayed
2766;Joined
2767;Stayed
2768;Stayed
2769;Churned
2770;Churned
2771;Stayed
2772;Churned
2773;Stayed
2774;Stayed
2775;Churned
2776;Stayed
2777;Stayed
2778;Stayed
2779;Stayed
2780;Stayed
2781;Stayed
2782;Churned
2783;Stayed
2784;Joined
2785;Stayed
2786;Joined
2787;Stayed
2788;Stayed
2789;Stayed
2790;Stayed
2791;Stayed
2792;Stayed
2793;Churned
2794;Stayed
2795;Joined
2796;Stayed
2797;Stayed
2798;Stayed
2799;Stayed
2800;Stayed
2801;Churned
2802;Stayed
2803;Stayed
2804;Churned
2805;Churned
2806;Churned
2807;Joined
2808;Stayed
2809;Churned
2810;Stayed
2811;Stayed
2812;Stayed
2813;Stayed
2814;Stayed
2815;Stayed
2816;Stayed
2817;Stayed
2818;Churned
2819;Stayed
2820;Stayed
2821;Stayed
2822;Stayed
2823;Joined
2824;Churned
2825;Churned
2826;Stayed
2827;Stayed
2828;Stayed
2829;Stayed
2830;Churned
2831;Stayed
2832;Stayed
2833;Joined
2834;Joined
2835;Churned
2836;Stayed
2837;Churned
2838;Stayed
2839;Stayed
2840;Stayed
2841;Stayed
2842;Stayed
2843;Stayed
2844;Stayed
2845;Stayed
2846;Joined
2847;Stayed
2848;Stayed
2849;Joined
2850;Stayed
2851;Stayed
2852;Stayed
2853;Churned
2854;Stayed
2855;Stayed
2856;Churned
2857;Stayed
2858;Churned
2859;Stayed
2860;Stayed
2861;Stayed
2862;Stayed
2863;Churned
2864;Churned
2865;Stayed
2866;Churned
2867;Stayed
2868;Stayed
2869;Churned
2870;Churned
2871;Joined
2872;Stayed
2873;Stayed
2874;Churned
2875;Stayed
2876;Stayed
2877;Stayed
2878;Churned
2879;Stayed
2880;Churned
2881;Stayed
2882;Churned
2883;Stayed
2884;Churned
2885;Stayed
2886;Stayed
2887;Stayed
2888;Stayed
2889;Stayed
2890;Churned
2891;Stayed
2892;Stayed
2893;Stayed
2894;Stayed
2895;Stayed
2896;Churned
2897;Stayed
2898;Stayed
2899;Stayed
2900;Stayed
2901;Stayed
2902;Stayed
2903;Stayed
2904;Joined
2905;Stayed
2906;Stayed
2907;Stayed
2908;Stayed
2909;Churned
2910;Churned
2911;Churned
2912;Churned
2913;Churned
2914;Churned
2915;Joined
2916;Churned
2917;Stayed
2918;Churned
2919;Stayed
2920;Stayed
2921;Stayed
2922;Churned
2923;Stayed
2924;Stayed
2925;Stayed
2926;Stayed
2927;Stayed
2928;Stayed
2929;Churned
2930;Churned
2931;Stayed
2932;Stayed
2933;Churned
2934;Stayed
2935;Stayed
2936;Stayed
2937;Churned
2938;Stayed
2939;Churned
2940;Stayed
2941;Churned
2942;Stayed
2943;Stayed
2944;Joined
2945;Stayed
2946;Churned
2947;Stayed
2948;Stayed
2949;Churned
2950;Stayed
2951;Churned
2952;Churned
2953;Churned
2954;Stayed
2955;Stayed
2956;Stayed
2957;Joined
2958;Stayed
2959;Stayed
2960;Churned
2961;Churned
2962;Stayed
2963;Joined
2964;Joined
2965;Joined
2966;Churned
2967;Joined
2968;Churned
2969;Stayed
2970;Stayed
2971;Churned
2972;Churned
2973;Churned
2974;Stayed
2975;Churned
2976;Stayed
2977;Churned
2978;Stayed
2979;Stayed
2980;Joined
2981;Stayed
2982;Churned
2983;Stayed
2984;Churned
2985;Stayed
2986;Stayed
2987;Stayed
2988;Stayed
2989;Churned
2990;Churned
2991;Stayed
2992;Churned
2993;Churned
2994;Churned
2995;Joined
2996;Stayed
2997;Stayed
2998;Stayed
2999;Stayed
3000;Stayed
3001;Stayed
3002;Stayed
3003;Stayed
3004;Stayed
3005;Stayed
3006;Stayed
3007;Stayed
3008;Stayed
3009;Churned
3010;Stayed
3011;Stayed
3012;Stayed
3013;Stayed
3014;Stayed
3015;Churned
3016;Stayed
3017;Churned
3018;Stayed
3019;Stayed
3020;Churned
3021;Stayed
3022;Stayed
3023;Churned
3024;Stayed
3025;Stayed
3026;Churned
3027;Stayed
3028;Stayed
3029;Stayed
3030;Stayed
3031;Stayed
3032;Stayed
3033;Stayed
3034;Churned
3035;Stayed
3036;Stayed
3037;Churned
3038;Stayed
3039;Churned
3040;Stayed
3041;Stayed
3042;Churned
3043;Stayed
3044;Stayed
3045;Stayed
3046;Churned
3047;Stayed
3048;Churned
3049;Stayed
3050;Stayed
3051;Joined
3052;Stayed
3053;Churned
3054;Stayed
3055;Churned
3056;Joined
3057;Stayed
3058;Stayed
3059;Stayed
3060;Stayed
3061;Stayed
3062;Stayed
3063;Churned
3064;Stayed
3065;Stayed
3066;Churned
3067;Stayed
3068;Churned
3069;Stayed
3070;Joined
3071;Stayed
3072;Stayed
3073;Stayed
3074;Stayed
3075;Churned
3076;Stayed
3077;Stayed
3078;Churned
3079;Churned
3080;Churned
3081;Stayed
3082;Stayed
3083;Stayed
3084;Stayed
3085;Stayed
3086;Churned
3087;Churned
3088;Stayed
3089;Stayed
3090;Churned
3091;Stayed
3092;Stayed
3093;Churned
3094;Churned
3095;Churned
3096;Stayed
3097;Churned
3098;Stayed
3099;Stayed
3100;Stayed
3101;Churned
3102;Joined
3103;Stayed
3104;Stayed
3105;Stayed
3106;Stayed
3107;Stayed
3108;Stayed
3109;Stayed
3110;Stayed
3111;Stayed
3112;Stayed
3113;Churned
3114;Stayed
3115;Stayed
3116;Stayed
3117;Churned
3118;Stayed
3119;Stayed
3120;Stayed
3121;Stayed
3122;Stayed
3123;Stayed
3124;Joined
3125;Stayed
3126;Churned
3127;Churned
3128;Stayed
3129;Stayed
3130;Stayed
3131;Churned
3132;Churned
3133;Stayed
3134;Stayed
3135;Churned
3136;Stayed
3137;Stayed
3138;Churned
3139;Stayed
3140;Churned
3141;Stayed
3142;Churned
3143;Churned
3144;Churned
3145;Stayed
3146;Churned
3147;Stayed
3148;Stayed
3149;Stayed
3150;Stayed
3151;Stayed
3152;Churned
3153;Stayed
3154;Stayed
3155;Stayed
3156;Stayed
3157;Stayed
3158;Churned
3159;Stayed
3160;Stayed
3161;Stayed
3162;Stayed
3163;Stayed
3164;Joined
3165;Stayed
3166;Churned
3167;Stayed
3168;Stayed
3169;Stayed
3170;Churned
3171;Churned
3172;Churned
3173;Stayed
3174;Churned
3175;Churned
3176;Stayed
3177;Churned
3178;Stayed
3179;Churned
3180;Stayed
3181;Stayed
3182;Stayed
3183;Stayed
3184;Churned
3185;Stayed
3186;Churned
3187;Stayed
3188;Stayed
3189;Stayed
3190;Stayed
3191;Churned
3192;Stayed
3193;Churned
3194;Stayed
3195;Churned
3196;Stayed
3197;Churned
3198;Stayed
3199;Stayed
3200;Churned
3201;Churned
3202;Churned
3203;Churned
3204;Stayed
3205;Churned
3206;Churned
3207;Churned
3208;Churned
3209;Stayed
3210;Churned
3211;Churned
3212;Stayed
3213;Stayed
3214;Stayed
3215;Stayed
3216;Churned
3217;Churned
3218;Stayed
3219;Stayed
3220;Stayed
3221;Stayed
3222;Stayed
3223;Stayed
3224;Churned
3225;Stayed
3226;Stayed
3227;Churned
3228;Stayed
3229;Stayed
3230;Churned
3231;Churned
3232;Churned
3233;Churned
3234;Stayed
3235;Stayed
3236;Stayed
3237;Joined
3238;Stayed
3239;Stayed
3240;Stayed
3241;Churned
3242;Stayed
3243;Churned
3244;Stayed
3245;Stayed
3246;Stayed
3247;Stayed
3248;Stayed
3249;Stayed
3250;Stayed
3251;Churned
3252;Stayed
3253;Stayed
3254;Stayed
3255;Stayed
3256;Stayed
3257;Stayed
3258;Churned
3259;Churned
3260;Stayed
3261;Joined
3262;Churned
3263;Stayed
3264;Churned
3265;Stayed
3266;Stayed
3267;Churned
3268;Stayed
3269;Stayed
3270;Stayed
3271;Stayed
3272;Stayed
3273;Stayed
3274;Churned
3275;Stayed
3276;Stayed
3277;Stayed
3278;Stayed
3279;Stayed
3280;Stayed
3281;Stayed
3282;Churned
3283;Stayed
3284;Stayed
3285;Joined
3286;Stayed
3287;Churned
3288;Churned
3289;Joined
3290;Stayed
3291;Stayed
3292;Churned
3293;Stayed
3294;Churned
3295;Stayed
3296;Churned
3297;Stayed
3298;Churned
3299;Churned
3300;Joined
3301;Stayed
3302;Stayed
3303;Stayed
3304;Churned
3305;Stayed
3306;Stayed
3307;Stayed
3308;Churned
3309;Stayed
3310;Stayed
3311;Stayed
3312;Stayed
3313;Stayed
3314;Stayed
3315;Stayed
3316;Churned
3317;Stayed
3318;Stayed
3319;Stayed
3320;Joined
3321;Churned
3322;Stayed
3323;Stayed
3324;Churned
3325;Stayed
3326;Stayed
3327;Stayed
3328;Joined
3329;Stayed
3330;Stayed
3331;Churned
3332;Stayed
3333;Stayed
3334;Churned
3335;Stayed
3336;Churned
3337;Stayed
3338;Stayed
3339;Stayed
3340;Churned
3341;Stayed
3342;Churned
3343;Churned
3344;Churned
3345;Stayed
3346;Stayed
3347;Joined
3348;Stayed
3349;Stayed
3350;Stayed
3351;Stayed
3352;Joined
3353;Stayed
3354;Stayed
3355;Stayed
3356;Churned
3357;Churned
3358;Churned
3359;Churned
3360;Churned
3361;Stayed
3362;Stayed
3363;Churned
3364;Stayed
3365;Churned
3366;Churned
3367;Stayed
3368;Stayed
3369;Churned
3370;Stayed
3371;Stayed
3372;Stayed
3373;Churned
3374;Churned
3375;Stayed
3376;Stayed
3377;Stayed
3378;Stayed
3379;Stayed
3380;Stayed
3381;Stayed
3382;Churned
3383;Churned
3384;Stayed
3385;Stayed
3386;Churned
3387;Churned
3388;Churned
3389;Churned
3390;Stayed
3391;Stayed
3392;Stayed
3393;Stayed
3394;Churned
3395;Churned
3396;Churned
3397;Stayed
3398;Stayed
3399;Stayed
3400;Stayed
3401;Stayed
3402;Churned
3403;Stayed
3404;Stayed
3405;Stayed
3406;Stayed
3407;Churned
3408;Stayed
3409;Stayed
3410;Churned
3411;Stayed
3412;Stayed
3413;Stayed
3414;Stayed
3415;Stayed
3416;Stayed
3417;Stayed
3418;Churned
3419;Churned
3420;Churned
3421;Stayed
3422;Stayed
3423;Stayed
3424;Stayed
3425;Churned
3426;Joined
3427;Joined
3428;Churned
3429;Stayed
3430;Stayed
3431;Stayed
3432;Stayed
3433;Stayed
3434;Churned
3435;Stayed
3436;Stayed
3437;Churned
3438;Churned
3439;Stayed
3440;Stayed
3441;Stayed
3442;Stayed
3443;Stayed
3444;Stayed
3445;Churned
3446;Stayed
3447;Stayed
3448;Stayed
3449;Stayed
3450;Stayed
3451;Churned
3452;Stayed
3453;Churned
3454;Stayed
3455;Churned
3456;Stayed
3457;Churned
3458;Stayed
3459;Churned
3460;Churned
3461;Stayed
3462;Stayed
3463;Stayed
3464;Churned
3465;Churned
3466;Churned
3467;Joined
3468;Churned
3469;Stayed
3470;Stayed
3471;Churned
3472;Churned
3473;Churned
3474;Stayed
3475;Stayed
3476;Churned
3477;Stayed
3478;Joined
3479;Churned
3480;Stayed
3481;Joined
3482;Stayed
3483;Stayed
3484;Stayed
3485;Stayed
3486;Stayed
3487;Stayed
3488;Stayed
3489;Stayed
3490;Stayed
3491;Churned
3492;Stayed
3493;Stayed
3494;Stayed
3495;Stayed
3496;Churned
3497;Churned
3498;Stayed
3499;Stayed
3500;Stayed
3501;Joined
3502;Churned
3503;Churned
3504;Churned
3505;Stayed
3506;Stayed
3507;Churned
3508;Stayed
3509;Stayed
3510;Stayed
3511;Stayed
3512;Stayed
3513;Stayed
3514;Joined
3515;Stayed
3516;Joined
3517;Stayed
3518;Churned
3519;Stayed
3520;Stayed
3521;Stayed
3522;Stayed
3523;Stayed
3524;Stayed
3525;Stayed
3526;Stayed
3527;Stayed
3528;Stayed
3529;Stayed
3530;Stayed
3531;Stayed
3532;Churned
3533;Stayed
3534;Stayed
3535;Churned
3536;Stayed
3537;Stayed
3538;Stayed
3539;Stayed
3540;Stayed
3541;Stayed
3542;Churned
3543;Stayed
3544;Stayed
3545;Stayed
3546;Churned
3547;Churned
3548;Stayed
3549;Churned
3550;Churned
3551;Joined
3552;Stayed
3553;Stayed
3554;Stayed
3555;Stayed
3556;Stayed
3557;Joined
3558;Stayed
3559;Stayed
3560;Stayed
3561;Churned
3562;Churned
3563;Stayed
3564;Churned
3565;Churned
3566;Stayed
3567;Stayed
3568;Stayed
3569;Churned
3570;Stayed
3571;Stayed
3572;Stayed
3573;Stayed
3574;Stayed
3575;Joined
3576;Joined
3577;Stayed
3578;Stayed
3579;Stayed
3580;Stayed
3581;Churned
3582;Stayed
3583;Stayed
3584;Stayed
3585;Churned
3586;Stayed
3587;Stayed
3588;Churned
3589;Joined
3590;Churned
3591;Stayed
3592;Joined
3593;Stayed
3594;Stayed
3595;Churned
3596;Stayed
3597;Churned
3598;Churned
3599;Churned
3600;Stayed
3601;Stayed
3602;Stayed
3603;Stayed
3604;Stayed
3605;Stayed
3606;Stayed
3607;Joined
3608;Stayed
3609;Joined
3610;Stayed
3611;Stayed
3612;Stayed
3613;Stayed
3614;Stayed
3615;Stayed
3616;Churned
3617;Stayed
3618;Stayed
3619;Joined
3620;Stayed
3621;Churned
3622;Stayed
3623;Stayed
3624;Stayed
3625;Churned
3626;Stayed
3627;Churned
3628;Stayed
3629;Stayed
3630;Churned
3631;Churned
3632;Stayed
3633;Stayed
3634;Stayed
3635;Stayed
3636;Stayed
3637;Stayed
3638;Stayed
3639;Stayed
3640;Stayed
3641;Joined
3642;Stayed
3643;Stayed
3644;Stayed
3645;Stayed
3646;Churned
3647;Stayed
3648;Joined
3649;Stayed
3650;Churned
3651;Stayed
3652;Stayed
3653;Stayed
3654;Churned
3655;Churned
3656;Stayed
3657;Stayed
3658;Stayed
3659;Stayed
3660;Stayed
3661;Stayed
3662;Joined
3663;Joined
3664;Stayed
3665;Churned
3666;Churned
3667;Stayed
3668;Stayed
3669;Stayed
3670;Stayed
3671;Stayed
3672;Churned
3673;Churned
3674;Stayed
3675;Stayed
3676;Stayed
3677;Stayed
3678;Stayed
3679;Churned
3680;Stayed
3681;Churned
3682;Stayed
3683;Stayed
3684;Churned
3685;Stayed
3686;Stayed
3687;Stayed
3688;Stayed
3689;Stayed
3690;Stayed
3691;Stayed
3692;Stayed
3693;Stayed
3694;Stayed
3695;Churned
3696;Stayed
3697;Stayed
3698;Churned
3699;Stayed
3700;Stayed
3701;Joined
3702;Stayed
3703;Churned
3704;Stayed
3705;Stayed
3706;Stayed
3707;Stayed
3708;Stayed
3709;Churned
3710;Stayed
3711;Stayed
3712;Stayed
3713;Stayed
3714;Stayed
3715;Stayed
3716;Churned
3717;Stayed
3718;Churned
3719;Stayed
3720;Stayed
3721;Stayed
3722;Churned
3723;Churned
3724;Stayed
3725;Stayed
3726;Churned
3727;Stayed
3728;Stayed
3729;Churned
3730;Stayed
3731;Stayed
3732;Stayed
3733;Stayed
3734;Stayed
3735;Stayed
3736;Stayed
3737;Churned
3738;Stayed
3739;Stayed
3740;Stayed
3741;Stayed
3742;Churned
3743;Stayed
3744;Stayed
3745;Churned
3746;Churned
3747;Churned
3748;Stayed
3749;Churned
3750;Stayed
3751;Stayed
3752;Churned
3753;Stayed
3754;Churned
3755;Churned
3756;Stayed
3757;Stayed
3758;Churned
3759;Stayed
3760;Stayed
3761;Stayed
3762;Stayed
3763;Churned
3764;Churned
3765;Churned
3766;Stayed
3767;Stayed
3768;Stayed
3769;Churned
3770;Stayed
3771;Stayed
3772;Stayed
3773;Stayed
3774;Stayed
3775;Stayed
3776;Stayed
3777;Stayed
3778;Stayed
3779;Stayed
3780;Churned
3781;Stayed
3782;Stayed
3783;Stayed
3784;Stayed
3785;Stayed
3786;Stayed
3787;Stayed
3788;Stayed
3789;Stayed
3790;Stayed
3791;Stayed
3792;Stayed
3793;Stayed
3794;Stayed
3795;Stayed
3796;Stayed
3797;Stayed
3798;Stayed
3799;Stayed
3800;Stayed
3801;Stayed
3802;Stayed
3803;Stayed
3804;Churned
3805;Joined
3806;Stayed
3807;Joined
3808;Stayed
3809;Churned
3810;Churned
3811;Stayed
3812;Stayed
3813;Churned
3814;Churned
3815;Joined
3816;Churned
3817;Stayed
3818;Stayed
3819;Stayed
3820;Stayed
3821;Churned
3822;Stayed
3823;Churned
3824;Stayed
3825;Stayed
3826;Churned
3827;Churned
3828;Churned
3829;Stayed
3830;Stayed
3831;Stayed
3832;Churned
3833;Stayed
3834;Churned
3835;Stayed
3836;Stayed
3837;Churned
3838;Stayed
3839;Stayed
3840;Churned
3841;Stayed
3842;Churned
3843;Stayed
3844;Stayed
3845;Stayed
3846;Stayed
3847;Stayed
3848;Stayed
3849;Stayed
3850;Stayed
3851;Stayed
3852;Churned
3853;Stayed
3854;Churned
3855;Churned
3856;Stayed
3857;Stayed
3858;Stayed
3859;Stayed
3860;Stayed
3861;Stayed
3862;Churned
3863;Stayed
3864;Joined
3865;Stayed
3866;Stayed
3867;Churned
3868;Churned
3869;Stayed
3870;Stayed
3871;Churned
3872;Churned
3873;Stayed
3874;Stayed
3875;Stayed
3876;Stayed
3877;Churned
3878;Stayed
3879;Stayed
3880;Stayed
3881;Stayed
3882;Stayed
3883;Stayed
3884;Churned
3885;Stayed
3886;Stayed
3887;Stayed
3888;Churned
3889;Stayed
3890;Stayed
3891;Stayed
3892;Stayed
3893;Stayed
3894;Churned
3895;Churned
3896;Stayed
3897;Stayed
3898;Churned
3899;Churned
3900;Stayed
3901;Stayed
3902;Churned
3903;Churned
3904;Churned
3905;Stayed
3906;Stayed
3907;Stayed
3908;Churned
3909;Stayed
3910;Joined
3911;Churned
3912;Stayed
3913;Stayed
3914;Churned
3915;Stayed
3916;Stayed
3917;Churned
3918;Churned
3919;Stayed
3920;Churned
3921;Stayed
3922;Churned
3923;Churned
3924;Joined
3925;Stayed
3926;Stayed
3927;Stayed
3928;Stayed
3929;Stayed
3930;Stayed
3931;Churned
3932;Churned
3933;Stayed
3934;Stayed
3935;Churned
3936;Stayed
3937;Stayed
3938;Joined
3939;Stayed
3940;Stayed
3941;Stayed
3942;Stayed
3943;Churned
3944;Churned
3945;Stayed
3946;Stayed
3947;Churned
3948;Joined
3949;Joined
3950;Churned
3951;Churned
3952;Stayed
3953;Stayed
3954;Churned
3955;Stayed
3956;Stayed
3957;Churned
3958;Churned
3959;Churned
3960;Churned
3961;Stayed
3962;Stayed
3963;Stayed
3964;Churned
3965;Stayed
3966;Stayed
3967;Churned
3968;Churned
3969;Churned
3970;Stayed
3971;Stayed
3972;Churned
3973;Stayed
3974;Stayed
3975;Joined
3976;Stayed
3977;Stayed
3978;Stayed
3979;Stayed
3980;Stayed
3981;Churned
3982;Stayed
3983;Stayed
3984;Churned
3985;Stayed
3986;Stayed
3987;Stayed
3988;Churned
3989;Stayed
3990;Stayed
3991;Stayed
3992;Stayed
3993;Stayed
3994;Joined
3995;Stayed
3996;Stayed
3997;Stayed
3998;Stayed
3999;Stayed
4000;Churned
4001;Stayed
4002;Stayed
4003;Churned
4004;Stayed
4005;Churned
4006;Churned
4007;Churned
4008;Stayed
4009;Stayed
4010;Stayed
4011;Stayed
4012;Stayed
4013;Stayed
4014;Churned
4015;Stayed
4016;Stayed
4017;Stayed
4018;Stayed
4019;Stayed
4020;Stayed
4021;Churned
4022;Stayed
4023;Stayed
4024;Churned
4025;Churned
4026;Stayed
4027;Stayed
4028;Stayed
4029;Stayed
4030;Stayed
4031;Churned
4032;Stayed
4033;Churned
4034;Churned
4035;Churned
4036;Stayed
4037;Stayed
4038;Stayed
4039;Stayed
4040;Stayed
4041;Churned
4042;Stayed
4043;Churned
4044;Stayed
4045;Stayed
4046;Joined
4047;Stayed
4048;Stayed
4049;Stayed
4050;Stayed
4051;Churned
4052;Stayed
4053;Churned
4054;Stayed
4055;Stayed
4056;Churned
4057;Stayed
4058;Stayed
4059;Stayed
4060;Stayed
4061;Stayed
4062;Stayed
4063;Churned
4064;Stayed
4065;Stayed
4066;Stayed
4067;Stayed
4068;Stayed
4069;Stayed
4070;Stayed
4071;Churned
4072;Churned
4073;Stayed
4074;Stayed
4075;Stayed
4076;Stayed
4077;Churned
4078;Stayed
4079;Joined
4080;Stayed
4081;Stayed
4082;Stayed
4083;Churned
4084;Churned
4085;Stayed
4086;Stayed
4087;Stayed
4088;Stayed
4089;Stayed
4090;Stayed
4091;Stayed
4092;Stayed
4093;Stayed
4094;Stayed
4095;Stayed
4096;Stayed
4097;Stayed
4098;Stayed
4099;Stayed
4100;Stayed
4101;Churned
4102;Stayed
4103;Stayed
4104;Stayed
4105;Stayed
4106;Stayed
4107;Churned
4108;Joined
4109;Stayed
4110;Churned
4111;Stayed
4112;Stayed
4113;Stayed
4114;Stayed
4115;Stayed
4116;Stayed
4117;Stayed
4118;Stayed
4119;Churned
4120;Stayed
4121;Stayed
4122;Stayed
4123;Stayed
4124;Churned
4125;Churned
4126;Churned
4127;Stayed
4128;Stayed
4129;Stayed
4130;Churned
4131;Stayed
4132;Stayed
4133;Stayed
4134;Stayed
4135;Stayed
4136;Stayed
4137;Stayed
4138;Stayed
4139;Stayed
4140;Stayed
4141;Stayed
4142;Stayed
4143;Stayed
4144;Joined
4145;Joined
4146;Stayed
4147;Stayed
4148;Stayed
4149;Churned
4150;Joined
4151;Churned
4152;Stayed
4153;Stayed
4154;Churned
4155;Churned
4156;Stayed
4157;Stayed
4158;Stayed
4159;Stayed
4160;Churned
4161;Stayed
4162;Churned
4163;Stayed
4164;Stayed
4165;Churned
4166;Churned
4167;Stayed
4168;Stayed
4169;Stayed
4170;Churned
4171;Stayed
4172;Stayed
4173;Churned
4174;Stayed
4175;Stayed
4176;Joined
4177;Churned
4178;Stayed
4179;Churned
4180;Churned
4181;Stayed
4182;Churned
4183;Stayed
4184;Stayed
4185;Stayed
4186;Stayed
4187;Joined
4188;Stayed
4189;Stayed
4190;Stayed
4191;Churned
4192;Joined
4193;Stayed
4194;Churned
4195;Churned
4196;Stayed
4197;Stayed
4198;Stayed
4199;Stayed
4200;Churned
4201;Stayed
4202;Stayed
4203;Stayed
4204;Stayed
4205;Stayed
4206;Stayed
4207;Churned
4208;Churned
4209;Stayed
4210;Stayed
4211;Stayed
4212;Joined
4213;Churned
4214;Stayed
4215;Churned
4216;Stayed
4217;Stayed
4218;Stayed
4219;Stayed
4220;Churned
4221;Churned
4222;Stayed
4223;Churned
4224;Joined
4225;Churned
4226;Stayed
4227;Stayed
4228;Stayed
4229;Stayed
4230;Joined
4231;Stayed
4232;Stayed
4233;Stayed
4234;Stayed
4235;Churned
4236;Stayed
4237;Stayed
4238;Churned
4239;Churned
4240;Stayed
4241;Stayed
4242;Stayed
4243;Stayed
4244;Stayed
4245;Stayed
4246;Stayed
4247;Stayed
4248;Stayed
4249;Stayed
4250;Stayed
4251;Stayed
4252;Stayed
4253;Churned
4254;Stayed
4255;Stayed
4256;Joined
4257;Stayed
4258;Stayed
4259;Stayed
4260;Stayed
4261;Churned
4262;Joined
4263;Churned
4264;Stayed
4265;Churned
4266;Stayed
4267;Stayed
4268;Stayed
4269;Stayed
4270;Churned
4271;Stayed
4272;Stayed
4273;Churned
4274;Joined
4275;Churned
4276;Stayed
4277;Churned
4278;Stayed
4279;Stayed
4280;Churned
4281;Stayed
4282;Churned
4283;Churned
4284;Stayed
4285;Churned
4286;Stayed
4287;Stayed
4288;Stayed
4289;Churned
4290;Stayed
4291;Stayed
4292;Churned
4293;Stayed
4294;Joined
4295;Stayed
4296;Stayed
4297;Stayed
4298;Stayed
4299;Churned
4300;Stayed
4301;Stayed
4302;Stayed
4303;Stayed
4304;Stayed
4305;Stayed
4306;Stayed
4307;Stayed
4308;Stayed
4309;Joined
4310;Stayed
4311;Stayed
4312;Stayed
4313;Stayed
4314;Stayed
4315;Churned
4316;Churned
4317;Stayed
4318;Stayed
4319;Stayed
4320;Stayed
4321;Stayed
4322;Churned
4323;Stayed
4324;Churned
4325;Churned
4326;Stayed
4327;Stayed
4328;Stayed
4329;Churned
4330;Churned
4331;Stayed
4332;Stayed
4333;Stayed
4334;Stayed
4335;Stayed
4336;Stayed
4337;Stayed
4338;Churned
4339;Stayed
4340;Stayed
4341;Joined
4342;Churned
4343;Joined
4344;Stayed
4345;Churned
4346;Stayed
4347;Stayed
4348;Stayed
4349;Stayed
4350;Stayed
4351;Stayed
4352;Stayed
4353;Stayed
4354;Stayed
4355;Stayed
4356;Churned
4357;Churned
4358;Churned
4359;Stayed
4360;Joined
4361;Stayed
4362;Stayed
4363;Stayed
4364;Churned
4365;Joined
4366;Stayed
4367;Churned
4368;Stayed
4369;Stayed
4370;Churned
4371;Stayed
4372;Churned
4373;Stayed
4374;Stayed
4375;Stayed
4376;Stayed
4377;Churned
4378;Stayed
4379;Churned
4380;Stayed
4381;Stayed
4382;Stayed
4383;Stayed
4384;Churned
4385;Churned
4386;Stayed
4387;Stayed
4388;Joined
4389;Joined
4390;Stayed
4391;Stayed
4392;Stayed
4393;Stayed
4394;Stayed
4395;Stayed
4396;Stayed
4397;Stayed
4398;Stayed
4399;Stayed
4400;Stayed
4401;Stayed
4402;Churned
4403;Churned
4404;Churned
4405;Stayed
4406;Stayed
4407;Stayed
4408;Churned
4409;Stayed
4410;Stayed
4411;Stayed
4412;Stayed
4413;Churned
4414;Stayed
4415;Stayed
4416;Churned
4417;Stayed
4418;Stayed
4419;Churned
4420;Stayed
4421;Stayed
4422;Stayed
4423;Stayed
4424;Churned
4425;Churned
4426;Stayed
4427;Stayed
4428;Stayed
4429;Stayed
4430;Stayed
4431;Stayed
4432;Stayed
4433;Stayed
4434;Stayed
4435;Stayed
4436;Stayed
4437;Stayed
4438;Stayed
4439;Stayed
4440;Stayed
4441;Stayed
4442;Joined
4443;Stayed
4444;Stayed
4445;Churned
4446;Stayed
4447;Stayed
4448;Stayed
4449;Stayed
4450;Churned
4451;Churned
4452;Stayed
4453;Stayed
4454;Stayed
4455;Churned
4456;Stayed
4457;Stayed
4458;Joined
4459;Stayed
4460;Stayed
4461;Stayed
4462;Churned
4463;Stayed
4464;Stayed
4465;Stayed
4466;Stayed
4467;Churned
4468;Stayed
4469;Churned
4470;Stayed
4471;Churned
4472;Churned
4473;Stayed
4474;Churned
4475;Churned
4476;Churned
4477;Churned
4478;Stayed
4479;Stayed
4480;Stayed
4481;Churned
4482;Churned
4483;Churned
4484;Churned
4485;Churned
4486;Churned
4487;Stayed
4488;Stayed
4489;Churned
4490;Stayed
4491;Stayed
4492;Stayed
4493;Stayed
4494;Stayed
4495;Stayed
4496;Stayed
4497;Stayed
4498;Stayed
4499;Stayed
4500;Churned
4501;Churned
4502;Stayed
4503;Stayed
4504;Stayed
4505;Joined
4506;Stayed
4507;Churned
4508;Stayed
4509;Churned
4510;Joined
4511;Churned
4512;Stayed
4513;Stayed
4514;Stayed
4515;Churned
4516;Stayed
4517;Churned
4518;Stayed
4519;Stayed
4520;Stayed
4521;Stayed
4522;Stayed
4523;Churned
4524;Stayed
4525;Stayed
4526;Churned
4527;Stayed
4528;Stayed
4529;Churned
4530;Joined
4531;Stayed
4532;Stayed
4533;Churned
4534;Stayed
4535;Churned
4536;Churned
4537;Joined
4538;Churned
4539;Churned
4540;Churned
4541;Stayed
4542;Stayed
4543;Churned
4544;Stayed
4545;Joined
4546;Stayed
4547;Stayed
4548;Churned
4549;Churned
4550;Stayed
4551;Churned
4552;Stayed
4553;Stayed
4554;Stayed
4555;Stayed
4556;Stayed
4557;Churned
4558;Stayed
4559;Churned
4560;Stayed
4561;Stayed
4562;Churned
4563;Stayed
4564;Stayed
4565;Stayed
4566;Stayed
4567;Churned
4568;Churned
4569;Stayed
4570;Stayed
4571;Stayed
4572;Stayed
4573;Stayed
4574;Stayed
4575;Churned
4576;Churned
4577;Stayed
4578;Stayed
4579;Stayed
4580;Stayed
4581;Stayed
4582;Stayed
4583;Stayed
4584;Churned
4585;Joined
4586;Stayed
4587;Stayed
4588;Churned
4589;Stayed
4590;Stayed
4591;Stayed
4592;Stayed
4593;Stayed
4594;Stayed
4595;Stayed
4596;Stayed
4597;Stayed
4598;Stayed
4599;Churned
4600;Stayed
4601;Stayed
4602;Stayed
4603;Stayed
4604;Stayed
4605;Stayed
4606;Churned
4607;Stayed
4608;Stayed
4609;Churned
4610;Stayed
4611;Churned
4612;Stayed
4613;Stayed
4614;Stayed
4615;Stayed
4616;Stayed
4617;Stayed
4618;Stayed
4619;Stayed
4620;Churned
4621;Stayed
4622;Stayed
4623;Churned
4624;Stayed
4625;Joined
4626;Stayed
4627;Churned
4628;Stayed
4629;Stayed
4630;Stayed
4631;Churned
4632;Stayed
4633;Stayed
4634;Stayed
4635;Joined
4636;Churned
4637;Stayed
4638;Churned
4639;Stayed
4640;Stayed
4641;Stayed
4642;Stayed
4643;Stayed
4644;Stayed
4645;Stayed
4646;Stayed
4647;Stayed
4648;Churned
4649;Stayed
4650;Stayed
4651;Stayed
4652;Stayed
4653;Churned
4654;Stayed
4655;Joined
4656;Stayed
4657;Stayed
4658;Stayed
4659;Stayed
4660;Stayed
4661;Joined
4662;Churned
4663;Joined
4664;Stayed
4665;Stayed
4666;Churned
4667;Stayed
4668;Stayed
4669;Stayed
4670;Stayed
4671;Stayed
4672;Stayed
4673;Churned
4674;Churned
4675;Stayed
4676;Churned
4677;Churned
4678;Stayed
4679;Churned
4680;Stayed
4681;Stayed
4682;Stayed
4683;Churned
4684;Stayed
4685;Stayed
4686;Stayed
4687;Stayed
4688;Stayed
4689;Churned
4690;Churned
4691;Stayed
4692;Stayed
4693;Churned
4694;Stayed
4695;Stayed
4696;Stayed
4697;Stayed
4698;Stayed
4699;Stayed
4700;Stayed
4701;Stayed
4702;Stayed
4703;Stayed
4704;Churned
4705;Joined
4706;Stayed
4707;Stayed
4708;Churned
4709;Stayed
4710;Stayed
4711;Churned
4712;Stayed
4713;Churned
4714;Joined
4715;Stayed
4716;Churned
4717;Churned
4718;Stayed
4719;Stayed
4720;Stayed
4721;Joined
4722;Churned
4723;Stayed
4724;Stayed
4725;Churned
4726;Joined
4727;Stayed
4728;Stayed
4729;Joined
4730;Stayed
4731;Churned
4732;Stayed
4733;Churned
4734;Stayed
4735;Stayed
4736;Stayed
4737;Stayed
4738;Churned
4739;Churned
4740;Stayed
4741;Churned
4742;Stayed
4743;Churned
4744;Stayed
4745;Stayed
4746;Churned
4747;Churned
4748;Churned
4749;Churned
4750;Stayed
4751;Stayed
4752;Churned
4753;Stayed
4754;Stayed
4755;Stayed
4756;Stayed
4757;Stayed
4758;Stayed
4759;Stayed
4760;Stayed
4761;Stayed
4762;Churned
4763;Stayed
4764;Stayed
4765;Stayed
4766;Stayed
4767;Churned
4768;Churned
4769;Churned
4770;Stayed
4771;Churned
4772;Stayed
4773;Stayed
4774;Stayed
4775;Stayed
4776;Stayed
4777;Stayed
4778;Stayed
4779;Stayed
4780;Stayed
4781;Stayed
4782;Stayed
4783;Stayed
4784;Joined
4785;Stayed
4786;Stayed
4787;Stayed
4788;Stayed
4789;Stayed
4790;Joined
4791;Stayed
4792;Stayed
4793;Stayed
4794;Stayed
4795;Stayed
4796;Stayed
4797;Stayed
4798;Stayed
4799;Stayed
4800;Stayed
4801;Stayed
4802;Stayed
4803;Stayed
4804;Stayed
4805;Stayed
4806;Stayed
4807;Stayed
4808;Stayed
4809;Stayed
4810;Churned
4811;Churned
4812;Stayed
4813;Churned
4814;Churned
4815;Churned
4816;Stayed
4817;Stayed
4818;Churned
4819;Churned
4820;Stayed
4821;Stayed
4822;Joined
4823;Stayed
4824;Stayed
4825;Stayed
4826;Stayed
4827;Stayed
4828;Churned
4829;Stayed
4830;Churned
4831;Stayed
4832;Stayed
4833;Stayed
4834;Stayed
4835;Stayed
4836;Stayed
4837;Joined
4838;Stayed
4839;Churned
4840;Churned
4841;Stayed
4842;Stayed
4843;Churned
4844;Stayed
4845;Stayed
4846;Stayed
4847;Churned
4848;Joined
4849;Stayed
4850;Stayed
4851;Stayed
4852;Churned
4853;Stayed
4854;Joined
4855;Churned
4856;Stayed
4857;Stayed
4858;Stayed
4859;Churned
4860;Churned
4861;Stayed
4862;Stayed
4863;Stayed
4864;Joined
4865;Stayed
4866;Churned
4867;Stayed
4868;Stayed
4869;Stayed
4870;Churned
4871;Churned
4872;Stayed
4873;Stayed
4874;Stayed
4875;Stayed
4876;Joined
4877;Stayed
4878;Stayed
4879;Stayed
4880;Stayed
4881;Churned
4882;Churned
4883;Churned
4884;Stayed
4885;Stayed
4886;Joined
4887;Stayed
4888;Stayed
4889;Stayed
4890;Churned
4891;Churned
4892;Stayed
4893;Churned
4894;Stayed
4895;Stayed
4896;Stayed
4897;Stayed
4898;Stayed
4899;Churned
4900;Churned
4901;Stayed
4902;Stayed
4903;Stayed
4904;Churned
4905;Churned
4906;Stayed
4907;Stayed
4908;Joined
4909;Churned
4910;Stayed
4911;Churned
4912;Stayed
4913;Stayed
4914;Joined
4915;Stayed
4916;Stayed
4917;Stayed
4918;Stayed
4919;Stayed
4920;Stayed
4921;Churned
4922;Joined
4923;Stayed
4924;Stayed
4925;Churned
4926;Stayed
4927;Stayed
4928;Stayed
4929;Stayed
4930;Stayed
4931;Churned
4932;Joined
4933;Churned
4934;Stayed
4935;Stayed
4936;Stayed
4937;Stayed
4938;Churned
4939;Stayed
4940;Churned
4941;Churned
4942;Stayed
4943;Churned
4944;Stayed
4945;Stayed
4946;Stayed
4947;Stayed
4948;Stayed
4949;Stayed
4950;Stayed
4951;Stayed
4952;Stayed
4953;Stayed
4954;Stayed
4955;Stayed
4956;Churned
4957;Stayed
4958;Stayed
4959;Stayed
4960;Churned
4961;Churned
4962;Stayed
4963;Churned
4964;Stayed
4965;Churned
4966;Stayed
4967;Churned
4968;Stayed
4969;Churned
4970;Stayed
4971;Stayed
4972;Stayed
4973;Stayed
4974;Stayed
4975;Churned
4976;Stayed
4977;Stayed
4978;Churned
4979;Churned
4980;Stayed
4981;Stayed
4982;Stayed
4983;Stayed
4984;Stayed
4985;Stayed
4986;Stayed
4987;Stayed
4988;Stayed
4989;Churned
4990;Stayed
4991;Stayed
4992;Joined
4993;Stayed
4994;Stayed
4995;Stayed
4996;Stayed
4997;Churned
4998;Stayed
4999;Stayed
5000;Stayed
5001;Churned
5002;Stayed
5003;Churned
5004;Stayed
5005;Stayed
5006;Stayed
5007;Stayed
5008;Stayed
5009;Stayed
5010;Stayed
5011;Stayed
5012;Stayed
5013;Stayed
5014;Stayed
5015;Stayed
5016;Stayed
5017;Stayed
5018;Stayed
5019;Churned
5020;Joined
5021;Stayed
5022;Churned
5023;Churned
5024;Stayed
5025;Stayed
5026;Stayed
5027;Churned
5028;Churned
5029;Stayed
5030;Stayed
5031;Churned
5032;Stayed
5033;Stayed
5034;Stayed
5035;Stayed
5036;Churned
5037;Stayed
5038;Stayed
5039;Churned
5040;Stayed
5041;Churned
5042;Stayed
5043;Stayed
5044;Stayed
5045;Joined
5046;Stayed
5047;Stayed
5048;Stayed
5049;Stayed
5050;Stayed
5051;Stayed
5052;Stayed
5053;Stayed
5054;Stayed
5055;Stayed
5056;Stayed
5057;Stayed
5058;Stayed
5059;Churned
5060;Stayed
5061;Stayed
5062;Stayed
5063;Churned
5064;Stayed
5065;Churned
5066;Stayed
5067;Stayed
5068;Stayed
5069;Stayed
5070;Stayed
5071;Stayed
5072;Churned
5073;Stayed
5074;Stayed
5075;Churned
5076;Stayed
5077;Stayed
5078;Stayed
5079;Churned
5080;Stayed
5081;Churned
5082;Stayed
5083;Stayed
5084;Stayed
5085;Churned
5086;Stayed
5087;Stayed
5088;Stayed
5089;Stayed
5090;Stayed
5091;Churned
5092;Churned
5093;Stayed
5094;Stayed
5095;Joined
5096;Stayed
5097;Stayed
5098;Stayed
5099;Stayed
5100;Stayed
5101;Stayed
5102;Stayed
5103;Stayed
5104;Stayed
5105;Stayed
5106;Stayed
5107;Stayed
5108;Churned
5109;Churned
5110;Stayed
5111;Stayed
5112;Stayed
5113;Stayed
5114;Stayed
5115;Stayed
5116;Stayed
5117;Stayed
5118;Churned
5119;Stayed
5120;Stayed
5121;Churned
5122;Stayed
5123;Churned
5124;Stayed
5125;Churned
5126;Churned
5127;Stayed
5128;Stayed
5129;Churned
5130;Stayed
5131;Stayed
5132;Stayed
5133;Churned
5134;Stayed
5135;Stayed
5136;Stayed
5137;Stayed
5138;Churned
5139;Stayed
5140;Churned
5141;Churned
5142;Churned
5143;Churned
5144;Stayed
5145;Stayed
5146;Churned
5147;Joined
5148;Stayed
5149;Stayed
5150;Stayed
5151;Joined
5152;Joined
5153;Stayed
5154;Churned
5155;Churned
5156;Churned
5157;Stayed
5158;Stayed
5159;Joined
5160;Churned
5161;Churned
5162;Stayed
5163;Stayed
5164;Stayed
5165;Stayed
5166;Stayed
5167;Stayed
5168;Churned
5169;Stayed
5170;Stayed
5171;Churned
5172;Stayed
5173;Churned
5174;Stayed
5175;Stayed
5176;Stayed
5177;Churned
5178;Stayed
5179;Stayed
5180;Stayed
5181;Stayed
5182;Joined
5183;Stayed
5184;Churned
5185;Churned
5186;Stayed
5187;Stayed
5188;Joined
5189;Stayed
5190;Stayed
5191;Joined
5192;Stayed
5193;Stayed
5194;Joined
5195;Stayed
5196;Joined
5197;Churned
5198;Stayed
5199;Churned
5200;Stayed
5201;Stayed
5202;Stayed
5203;Stayed
5204;Churned
5205;Joined
5206;Stayed
5207;Stayed
5208;Stayed
5209;Stayed
5210;Stayed
5211;Stayed
5212;Churned
5213;Stayed
5214;Stayed
5215;Stayed
5216;Stayed
5217;Stayed
5218;Churned
5219;Joined
5220;Stayed
5221;Stayed
5222;Stayed
5223;Stayed
5224;Stayed
5225;Stayed
5226;Stayed
5227;Stayed
5228;Churned
5229;Churned
5230;Stayed
5231;Stayed
5232;Stayed
5233;Joined
5234;Stayed
5235;Stayed
5236;Churned
5237;Joined
5238;Churned
5239;Stayed
5240;Churned
5241;Joined
5242;Stayed
5243;Churned
5244;Joined
5245;Churned
5246;Stayed
5247;Stayed
5248;Stayed
5249;Stayed
5250;Joined
5251;Stayed
5252;Stayed
5253;Stayed
5254;Stayed
5255;Stayed
5256;Joined
5257;Stayed
5258;Stayed
5259;Stayed
5260;Churned
5261;Churned
5262;Stayed
5263;Churned
5264;Stayed
5265;Stayed
5266;Stayed
5267;Stayed
5268;Stayed
5269;Stayed
5270;Stayed
5271;Stayed
5272;Churned
5273;Stayed
5274;Joined
5275;Joined
5276;Stayed
5277;Stayed
5278;Stayed
5279;Stayed
5280;Stayed
5281;Churned
5282;Stayed
5283;Stayed
5284;Churned
5285;Stayed
5286;Stayed
5287;Joined
5288;Stayed
5289;Stayed
5290;Churned
5291;Stayed
5292;Stayed
5293;Stayed
5294;Stayed
5295;Churned
5296;Churned
5297;Stayed
5298;Churned
5299;Stayed
5300;Churned
5301;Churned
5302;Stayed
5303;Stayed
5304;Churned
5305;Churned
5306;Stayed
5307;Joined
5308;Stayed
5309;Stayed
5310;Stayed
5311;Churned
5312;Churned
5313;Stayed
5314;Stayed
5315;Stayed
5316;Churned
5317;Stayed
5318;Churned
5319;Stayed
5320;Stayed
5321;Stayed
5322;Churned
5323;Stayed
5324;Stayed
5325;Stayed
5326;Joined
5327;Stayed
5328;Churned
5329;Joined
5330;Stayed
5331;Stayed
5332;Churned
5333;Stayed
5334;Churned
5335;Stayed
5336;Joined
5337;Churned
5338;Churned
5339;Stayed
5340;Stayed
5341;Churned
5342;Churned
5343;Churned
5344;Stayed
5345;Churned
5346;Churned
5347;Stayed
5348;Stayed
5349;Stayed
5350;Stayed
5351;Stayed
5352;Stayed
5353;Churned
5354;Stayed
5355;Churned
5356;Stayed
5357;Stayed
5358;Stayed
5359;Churned
5360;Stayed
5361;Stayed
5362;Churned
5363;Stayed
5364;Stayed
5365;Stayed
5366;Churned
5367;Joined
5368;Stayed
5369;Churned
5370;Churned
5371;Stayed
5372;Stayed
5373;Stayed
5374;Churned
5375;Joined
5376;Churned
5377;Churned
5378;Stayed
5379;Churned
5380;Stayed
5381;Churned
5382;Stayed
5383;Stayed
5384;Stayed
5385;Churned
5386;Churned
5387;Stayed
5388;Stayed
5389;Stayed
5390;Joined
5391;Stayed
5392;Stayed
5393;Churned
5394;Stayed
5395;Stayed
5396;Stayed
5397;Stayed
5398;Stayed
5399;Stayed
5400;Stayed
5401;Stayed
5402;Stayed
5403;Churned
5404;Churned
5405;Churned
5406;Joined
5407;Churned
5408;Stayed
5409;Stayed
5410;Stayed
5411;Stayed
5412;Stayed
5413;Churned
5414;Churned
5415;Churned
5416;Stayed
5417;Stayed
5418;Churned
5419;Stayed
5420;Stayed
5421;Stayed
5422;Stayed
5423;Stayed
5424;Stayed
5425;Joined
5426;Churned
5427;Stayed
5428;Stayed
5429;Churned
5430;Churned
5431;Stayed
5432;Stayed
5433;Stayed
5434;Stayed
5435;Stayed
5436;Stayed
5437;Stayed
5438;Churned
5439;Stayed
5440;Churned
5441;Stayed
5442;Stayed
5443;Churned
5444;Stayed
5445;Stayed
5446;Stayed
5447;Churned
5448;Stayed
5449;Churned
5450;Stayed
5451;Stayed
5452;Stayed
5453;Stayed
5454;Stayed
5455;Stayed
5456;Stayed
5457;Churned
5458;Stayed
5459;Stayed
5460;Churned
5461;Stayed
5462;Stayed
5463;Stayed
5464;Stayed
5465;Stayed
5466;Churned
5467;Stayed
5468;Churned
5469;Stayed
5470;Stayed
5471;Stayed
5472;Joined
5473;Churned
5474;Stayed
5475;Stayed
5476;Stayed
5477;Stayed
5478;Stayed
5479;Stayed
5480;Stayed
5481;Churned
5482;Stayed
5483;Stayed
5484;Stayed
5485;Joined
5486;Churned
5487;Stayed
5488;Stayed
5489;Stayed
5490;Joined
5491;Stayed
5492;Stayed
5493;Churned
5494;Stayed
5495;Churned
5496;Churned
5497;Stayed
5498;Stayed
5499;Stayed
5500;Churned
5501;Stayed
5502;Stayed
5503;Stayed
5504;Stayed
5505;Churned
5506;Stayed
5507;Joined
5508;Stayed
5509;Churned
5510;Churned
5511;Stayed
5512;Churned
5513;Joined
5514;Stayed
5515;Stayed
5516;Churned
5517;Stayed
5518;Stayed
5519;Churned
5520;Stayed
5521;Churned
5522;Stayed
5523;Churned
5524;Stayed
5525;Churned
5526;Stayed
5527;Stayed
5528;Churned
5529;Joined
5530;Churned
5531;Stayed
5532;Stayed
5533;Stayed
5534;Joined
5535;Stayed
5536;Stayed
5537;Stayed
5538;Stayed
5539;Stayed
5540;Stayed
5541;Stayed
5542;Churned
5543;Stayed
5544;Joined
5545;Stayed
5546;Churned
5547;Stayed
5548;Stayed
5549;Joined
5550;Stayed
5551;Stayed
5552;Churned
5553;Stayed
5554;Stayed
5555;Stayed
5556;Joined
5557;Stayed
5558;Churned
5559;Churned
5560;Stayed
5561;Churned
5562;Stayed
5563;Stayed
5564;Stayed
5565;Churned
5566;Stayed
5567;Churned
5568;Churned
5569;Stayed
5570;Stayed
5571;Churned
5572;Churned
5573;Stayed
5574;Churned
5575;Stayed
5576;Joined
5577;Churned
5578;Churned
5579;Churned
5580;Stayed
5581;Stayed
5582;Stayed
5583;Stayed
5584;Stayed
5585;Churned
5586;Stayed
5587;Stayed
5588;Stayed
5589;Stayed
5590;Stayed
5591;Stayed
5592;Stayed
5593;Stayed
5594;Stayed
5595;Stayed
5596;Stayed
5597;Joined
5598;Stayed
5599;Stayed
5600;Churned
5601;Churned
5602;Stayed
5603;Churned
5604;Churned
5605;Stayed
5606;Churned
5607;Stayed
5608;Stayed
5609;Stayed
5610;Stayed
5611;Stayed
5612;Churned
5613;Stayed
5614;Stayed
5615;Churned
5616;Stayed
5617;Churned
5618;Stayed
5619;Stayed
5620;Stayed
5621;Stayed
5622;Stayed
5623;Stayed
5624;Stayed
5625;Joined
5626;Churned
5627;Stayed
5628;Stayed
5629;Stayed
5630;Churned
5631;Churned
5632;Churned
5633;Stayed
5634;Stayed
5635;Churned
5636;Stayed
5637;Stayed
5638;Stayed
5639;Churned
5640;Stayed
5641;Joined
5642;Stayed
5643;Stayed
5644;Churned
5645;Churned
5646;Stayed
5647;Stayed
5648;Stayed
5649;Stayed
5650;Stayed
5651;Stayed
5652;Stayed
5653;Churned
5654;Stayed
5655;Stayed
5656;Stayed
5657;Stayed
5658;Stayed
5659;Stayed
5660;Stayed
5661;Stayed
5662;Churned
5663;Stayed
5664;Stayed
5665;Stayed
5666;Churned
5667;Stayed
5668;Stayed
5669;Churned
5670;Stayed
5671;Stayed
5672;Stayed
5673;Stayed
5674;Stayed
5675;Stayed
5676;Stayed
5677;Stayed
5678;Churned
5679;Stayed
5680;Joined
5681;Stayed
5682;Stayed
5683;Churned
5684;Stayed
5685;Churned
5686;Stayed
5687;Stayed
5688;Stayed
5689;Stayed
5690;Churned
5691;Stayed
5692;Churned
5693;Churned
5694;Stayed
5695;Stayed
5696;Stayed
5697;Stayed
5698;Stayed
5699;Stayed
5700;Stayed
5701;Stayed
5702;Churned
5703;Stayed
5704;Stayed
5705;Stayed
5706;Joined
5707;Stayed
5708;Churned
5709;Stayed
5710;Stayed
5711;Stayed
5712;Stayed
5713;Joined
5714;Stayed
5715;Stayed
5716;Stayed
5717;Stayed
5718;Churned
5719;Churned
5720;Stayed
5721;Churned
5722;Churned
5723;Stayed
5724;Stayed
5725;Churned
5726;Churned
5727;Churned
5728;Joined
5729;Stayed
5730;Stayed
5731;Churned
5732;Churned
5733;Stayed
5734;Stayed
5735;Stayed
5736;Stayed
5737;Stayed
5738;Churned
5739;Stayed
5740;Stayed
5741;Churned
5742;Churned
5743;Stayed
5744;Stayed
5745;Churned
5746;Stayed
5747;Stayed
5748;Churned
5749;Stayed
5750;Stayed
5751;Stayed
5752;Stayed
5753;Stayed
5754;Stayed
5755;Stayed
5756;Stayed
5757;Churned
5758;Stayed
5759;Stayed
5760;Stayed
5761;Stayed
5762;Stayed
5763;Stayed
5764;Stayed
5765;Stayed
5766;Stayed
5767;Stayed
5768;Stayed
5769;Churned
5770;Churned
5771;Churned
5772;Stayed
5773;Stayed
5774;Stayed
5775;Stayed
5776;Stayed
5777;Churned
5778;Stayed
5779;Stayed
5780;Stayed
5781;Stayed
5782;Stayed
5783;Stayed
5784;Stayed
5785;Stayed
5786;Stayed
5787;Stayed
5788;Stayed
5789;Churned
5790;Joined
5791;Stayed
5792;Stayed
5793;Churned
5794;Stayed
5795;Stayed
5796;Stayed
5797;Stayed
5798;Stayed
5799;Stayed
5800;Stayed
5801;Churned
5802;Joined
5803;Churned
5804;Stayed
5805;Stayed
5806;Stayed
5807;Stayed
5808;Churned
5809;Joined
5810;Stayed
5811;Churned
5812;Churned
5813;Churned
5814;Stayed
5815;Churned
5816;Stayed
5817;Stayed
5818;Stayed
5819;Stayed
5820;Stayed
5821;Stayed
5822;Stayed
5823;Stayed
5824;Churned
5825;Stayed
5826;Stayed
5827;Stayed
5828;Joined
5829;Stayed
5830;Stayed
5831;Stayed
5832;Churned
5833;Stayed
5834;Stayed
5835;Stayed
5836;Stayed
5837;Stayed
5838;Stayed
5839;Stayed
5840;Stayed
5841;Stayed
5842;Stayed
5843;Stayed
5844;Stayed
5845;Stayed
5846;Stayed
5847;Stayed
5848;Stayed
5849;Stayed
5850;Stayed
5851;Stayed
5852;Churned
5853;Stayed
5854;Stayed
5855;Stayed
5856;Churned
5857;Stayed
5858;Stayed
5859;Stayed
5860;Stayed
5861;Stayed
5862;Stayed
5863;Stayed
5864;Stayed
5865;Stayed
5866;Churned
5867;Stayed
5868;Stayed
5869;Stayed
5870;Churned
5871;Churned
5872;Stayed
5873;Stayed
5874;Churned
5875;Stayed
5876;Joined
5877;Churned
5878;Stayed
5879;Stayed
5880;Stayed
5881;Stayed
5882;Joined
5883;Churned
5884;Stayed
5885;Stayed
5886;Stayed
5887;Churned
5888;Stayed
5889;Churned
5890;Stayed
5891;Joined
5892;Churned
5893;Stayed
5894;Stayed
5895;Churned
5896;Stayed
5897;Stayed
5898;Stayed
5899;Churned
5900;Joined
5901;Stayed
5902;Stayed
5903;Stayed
5904;Stayed
5905;Stayed
5906;Stayed
5907;Stayed
5908;Stayed
5909;Stayed
5910;Stayed
5911;Stayed
5912;Stayed
5913;Churned
5914;Stayed
5915;Stayed
5916;Stayed
5917;Churned
5918;Stayed
5919;Stayed
5920;Stayed
5921;Stayed
5922;Churned
5923;Churned
5924;Stayed
5925;Stayed
5926;Stayed
5927;Stayed
5928;Churned
5929;Stayed
5930;Stayed
5931;Joined
5932;Churned
5933;Stayed
5934;Churned
5935;Churned
5936;Churned
5937;Stayed
5938;Churned
5939;Churned
5940;Stayed
5941;Stayed
5942;Stayed
5943;Churned
5944;Churned
5945;Stayed
5946;Stayed
5947;Churned
5948;Stayed
5949;Stayed
5950;Stayed
5951;Stayed
5952;Churned
5953;Joined
5954;Stayed
5955;Churned
5956;Stayed
5957;Churned
5958;Stayed
5959;Stayed
5960;Stayed
5961;Stayed
5962;Stayed
5963;Stayed
5964;Stayed
5965;Stayed
5966;Stayed
5967;Stayed
5968;Stayed
5969;Stayed
5970;Churned
5971;Stayed
5972;Churned
5973;Stayed
5974;Churned
5975;Stayed
5976;Stayed
5977;Churned
5978;Stayed
5979;Stayed
5980;Churned
5981;Stayed
5982;Stayed
5983;Churned
5984;Stayed
5985;Stayed
5986;Churned
5987;Churned
5988;Churned
5989;Joined
5990;Churned
5991;Stayed
5992;Stayed
5993;Stayed
5994;Stayed
5995;Stayed
5996;Stayed
5997;Stayed
5998;Stayed
5999;Stayed
6000;Stayed
6001;Stayed
6002;Stayed
6003;Stayed
6004;Stayed
6005;Churned
6006;Stayed
6007;Stayed
6008;Churned
6009;Churned
6010;Stayed
6011;Stayed
6012;Stayed
6013;Stayed
6014;Stayed
6015;Churned
6016;Stayed
6017;Stayed
6018;Churned
6019;Stayed
6020;Stayed
6021;Stayed
6022;Stayed
6023;Stayed
6024;Churned
6025;Churned
6026;Churned
6027;Stayed
6028;Stayed
6029;Stayed
6030;Stayed
6031;Joined
6032;Stayed
6033;Stayed
6034;Stayed
6035;Stayed
6036;Stayed
6037;Stayed
6038;Churned
6039;Joined
6040;Stayed
6041;Joined
6042;Churned
6043;Stayed
6044;Stayed
6045;Churned
6046;Stayed
6047;Stayed
6048;Joined
6049;Stayed
6050;Stayed
6051;Stayed
6052;Stayed
6053;Stayed
6054;Churned
6055;Churned
6056;Stayed
6057;Stayed
6058;Stayed
6059;Stayed
6060;Stayed
6061;Stayed
6062;Stayed
6063;Stayed
6064;Churned
6065;Stayed
6066;Stayed
6067;Stayed
6068;Churned
6069;Churned
6070;Joined
6071;Stayed
6072;Stayed
6073;Stayed
6074;Churned
6075;Joined
6076;Stayed
6077;Churned
6078;Joined
6079;Stayed
6080;Joined
6081;Churned
6082;Stayed
6083;Churned
6084;Stayed
6085;Churned
6086;Churned
6087;Stayed
6088;Stayed
6089;Churned
6090;Stayed
6091;Stayed
6092;Stayed
6093;Stayed
6094;Churned
6095;Stayed
6096;Stayed
6097;Churned
6098;Churned
6099;Churned
6100;Stayed
6101;Churned
6102;Churned
6103;Churned
6104;Stayed
6105;Stayed
6106;Stayed
6107;Stayed
6108;Stayed
6109;Stayed
6110;Churned
6111;Churned
6112;Stayed
6113;Joined
6114;Stayed
6115;Stayed
6116;Joined
6117;Stayed
6118;Stayed
6119;Churned
6120;Stayed
6121;Stayed
6122;Stayed
6123;Stayed
6124;Stayed
6125;Stayed
6126;Churned
6127;Stayed
6128;Churned
6129;Stayed
6130;Stayed
6131;Stayed
6132;Churned
6133;Joined
6134;Stayed
6135;Stayed
6136;Stayed
6137;Joined
6138;Churned
6139;Churned
6140;Stayed
6141;Stayed
6142;Joined
6143;Stayed
6144;Stayed
6145;Stayed
6146;Churned
6147;Stayed
6148;Joined
6149;Stayed
6150;Joined
6151;Stayed
6152;Churned
6153;Stayed
6154;Stayed
6155;Churned
6156;Joined
6157;Churned
6158;Stayed
6159;Stayed
6160;Stayed
6161;Stayed
6162;Stayed
6163;Stayed
6164;Stayed
6165;Stayed
6166;Stayed
6167;Stayed
6168;Stayed
6169;Stayed
6170;Stayed
6171;Joined
6172;Churned
6173;Stayed
6174;Churned
6175;Churned
6176;Stayed
6177;Stayed
6178;Stayed
6179;Stayed
6180;Stayed
6181;Stayed
6182;Joined
6183;Churned
6184;Stayed
6185;Stayed
6186;Stayed
6187;Stayed
6188;Stayed
6189;Churned
6190;Stayed
6191;Stayed
6192;Stayed
6193;Joined
6194;Stayed
6195;Churned
6196;Stayed
6197;Stayed
6198;Stayed
6199;Churned
6200;Stayed
6201;Churned
6202;Joined
6203;Churned
6204;Stayed
6205;Stayed
6206;Stayed
6207;Churned
6208;Stayed
6209;Stayed
6210;Churned
6211;Stayed
6212;Stayed
6213;Stayed
6214;Stayed
6215;Churned
6216;Stayed
6217;Churned
6218;Stayed
6219;Stayed
6220;Stayed
6221;Stayed
6222;Stayed
6223;Stayed
6224;Churned
6225;Joined
6226;Churned
6227;Stayed
6228;Stayed
6229;Churned
6230;Churned
6231;Stayed
6232;Stayed
6233;Stayed
6234;Churned
6235;Stayed
6236;Churned
6237;Stayed
6238;Stayed
6239;Stayed
6240;Stayed
6241;Churned
6242;Stayed
6243;Stayed
6244;Churned
6245;Churned
6246;Churned
6247;Stayed
6248;Churned
6249;Churned
6250;Stayed
6251;Stayed
6252;Stayed
6253;Churned
6254;Stayed
6255;Stayed
6256;Stayed
6257;Churned
6258;Stayed
6259;Stayed
6260;Stayed
6261;Stayed
6262;Churned
6263;Stayed
6264;Stayed
6265;Churned
6266;Stayed
6267;Churned
6268;Stayed
6269;Stayed
6270;Stayed
6271;Stayed
6272;Stayed
6273;Churned
6274;Stayed
6275;Stayed
6276;Stayed
6277;Stayed
6278;Stayed
6279;Stayed
6280;Churned
6281;Stayed
6282;Stayed
6283;Joined
6284;Stayed
6285;Stayed
6286;Joined
6287;Stayed
6288;Stayed
6289;Churned
6290;Stayed
6291;Stayed
6292;Stayed
6293;Joined
6294;Stayed
6295;Stayed
6296;Stayed
6297;Stayed
6298;Joined
6299;Stayed
6300;Stayed
6301;Churned
6302;Stayed
6303;Stayed
6304;Stayed
6305;Churned
6306;Stayed
6307;Churned
6308;Stayed
6309;Stayed
6310;Stayed
6311;Churned
6312;Stayed
6313;Churned
6314;Churned
6315;Stayed
6316;Churned
6317;Stayed
6318;Churned
6319;Churned
6320;Stayed
6321;Stayed
6322;Churned
6323;Joined
6324;Stayed
6325;Stayed
6326;Stayed
6327;Stayed
6328;Joined
6329;Stayed
6330;Stayed
6331;Stayed
6332;Stayed
6333;Stayed
6334;Stayed
6335;Stayed
6336;Churned
6337;Joined
6338;Stayed
6339;Churned
6340;Stayed
6341;Stayed
6342;Stayed
6343;Stayed
6344;Stayed
6345;Stayed
6346;Joined
6347;Churned
6348;Stayed
6349;Stayed
6350;Joined
6351;Churned
6352;Stayed
6353;Stayed
6354;Stayed
6355;Churned
6356;Stayed
6357;Churned
6358;Stayed
6359;Stayed
6360;Stayed
6361;Stayed
6362;Stayed
6363;Stayed
6364;Stayed
6365;Churned
6366;Churned
6367;Churned
6368;Stayed
6369;Churned
6370;Stayed
6371;Stayed
6372;Stayed
6373;Stayed
6374;Stayed
6375;Stayed
6376;Churned
6377;Stayed
6378;Churned
6379;Joined
6380;Stayed
6381;Stayed
6382;Stayed
6383;Churned
6384;Joined
6385;Churned
6386;Stayed
6387;Stayed
6388;Stayed
6389;Churned
6390;Stayed
6391;Stayed
6392;Churned
6393;Churned
6394;Churned
6395;Stayed
6396;Stayed
6397;Stayed
6398;Churned
6399;Churned
6400;Stayed
6401;Stayed
6402;Stayed
6403;Stayed
6404;Stayed
6405;Stayed
6406;Stayed
6407;Stayed
6408;Stayed
6409;Stayed
6410;Stayed
6411;Stayed
6412;Churned
6413;Stayed
6414;Stayed
6415;Stayed
6416;Stayed
6417;Stayed
6418;Churned
6419;Stayed
6420;Stayed
6421;Stayed
6422;Stayed
6423;Churned
6424;Stayed
6425;Stayed
6426;Churned
6427;Joined
6428;Churned
6429;Stayed
6430;Joined
6431;Churned
6432;Stayed
6433;Joined
6434;Stayed
6435;Stayed
6436;Stayed
6437;Stayed
6438;Stayed
6439;Stayed
6440;Stayed
6441;Churned
6442;Stayed
6443;Joined
6444;Churned
6445;Stayed
6446;Stayed
6447;Stayed
6448;Stayed
6449;Stayed
6450;Churned
6451;Stayed
6452;Stayed
6453;Stayed
6454;Churned
6455;Joined
6456;Stayed
6457;Stayed
6458;Stayed
6459;Churned
6460;Stayed
6461;Stayed
6462;Stayed
6463;Stayed
6464;Stayed
6465;Stayed
6466;Stayed
6467;Stayed
6468;Stayed
6469;Stayed
6470;Churned
6471;Stayed
6472;Stayed
6473;Stayed
6474;Stayed
6475;Stayed
6476;Churned
6477;Churned
6478;Churned
6479;Churned
6480;Stayed
6481;Churned
6482;Stayed
6483;Stayed
6484;Stayed
6485;Churned
6486;Churned
6487;Churned
6488;Churned
6489;Stayed
6490;Stayed
6491;Stayed
6492;Churned
6493;Stayed
6494;Stayed
6495;Stayed
6496;Churned
6497;Joined
6498;Stayed
6499;Stayed
6500;Churned
6501;Churned
6502;Stayed
6503;Stayed
6504;Churned
6505;Stayed
6506;Stayed
6507;Stayed
6508;Churned
6509;Stayed
6510;Stayed
6511;Churned
6512;Stayed
6513;Churned
6514;Stayed
6515;Joined
6516;Churned
6517;Churned
6518;Churned
6519;Stayed
6520;Stayed
6521;Churned
6522;Stayed
6523;Churned
6524;Stayed
6525;Stayed
6526;Stayed
6527;Churned
6528;Joined
6529;Churned
6530;Stayed
6531;Churned
6532;Stayed
6533;Joined
6534;Stayed
6535;Stayed
6536;Stayed
6537;Stayed
6538;Stayed
6539;Churned
6540;Churned
6541;Stayed
6542;Churned
6543;Stayed
6544;Stayed
6545;Stayed
6546;Stayed
6547;Stayed
6548;Stayed
6549;Churned
6550;Churned
6551;Churned
6552;Churned
6553;Stayed
6554;Stayed
6555;Stayed
6556;Stayed
6557;Stayed
6558;Stayed
6559;Churned
6560;Churned
6561;Stayed
6562;Stayed
6563;Stayed
6564;Churned
6565;Stayed
6566;Stayed
6567;Stayed
6568;Stayed
6569;Stayed
6570;Stayed
6571;Stayed
6572;Stayed
6573;Stayed
6574;Stayed
6575;Stayed
6576;Stayed
6577;Stayed
6578;Stayed
6579;Stayed
6580;Stayed
6581;Stayed
6582;Stayed
6583;Churned
6584;Stayed
6585;Stayed
6586;Stayed
6587;Stayed
6588;Stayed
6589;Stayed
6590;Stayed
6591;Stayed
6592;Churned
6593;Churned
6594;Stayed
6595;Stayed
6596;Stayed
6597;Joined
6598;Stayed
6599;Churned
6600;Churned
6601;Stayed
6602;Stayed
6603;Stayed
6604;Stayed
6605;Stayed
6606;Stayed
6607;Churned
6608;Stayed
6609;Stayed
6610;Stayed
6611;Stayed
6612;Stayed
6613;Stayed
6614;Joined
6615;Churned
6616;Stayed
6617;Stayed
6618;Stayed
6619;Stayed
6620;Stayed
6621;Churned
6622;Stayed
6623;Churned
6624;Churned
6625;Churned
6626;Stayed
6627;Stayed
6628;Stayed
6629;Stayed
6630;Churned
6631;Stayed
6632;Joined
6633;Churned
6634;Stayed
6635;Stayed
6636;Stayed
6637;Stayed
6638;Churned
6639;Joined
6640;Stayed
6641;Stayed
6642;Churned
6643;Churned
6644;Stayed
6645;Stayed
6646;Churned
6647;Stayed
6648;Churned
6649;Stayed
6650;Stayed
6651;Churned
6652;Churned
6653;Stayed
6654;Stayed
6655;Stayed
6656;Stayed
6657;Stayed
6658;Stayed
6659;Churned
6660;Stayed
6661;Stayed
6662;Stayed
6663;Stayed
6664;Stayed
6665;Stayed
6666;Stayed
6667;Stayed
6668;Stayed
6669;Stayed
6670;Churned
6671;Stayed
6672;Stayed
6673;Stayed
6674;Churned
6675;Churned
6676;Stayed
6677;Stayed
6678;Stayed
6679;Stayed
6680;Stayed
6681;Churned
6682;Stayed
6683;Stayed
6684;Stayed
6685;Stayed
6686;Stayed
6687;Stayed
6688;Stayed
6689;Stayed
6690;Stayed
6691;Joined
6692;Stayed
6693;Churned
6694;Stayed
6695;Stayed
6696;Stayed
6697;Stayed
6698;Churned
6699;Stayed
6700;Churned
6701;Stayed
6702;Churned
6703;Stayed
6704;Stayed
6705;Stayed
6706;Churned
6707;Churned
6708;Churned
6709;Stayed
6710;Churned
6711;Stayed
6712;Stayed
6713;Stayed
6714;Stayed
6715;Joined
6716;Churned
6717;Stayed
6718;Stayed
6719;Stayed
6720;Churned
6721;Stayed
6722;Stayed
6723;Stayed
6724;Stayed
6725;Stayed
6726;Stayed
6727;Stayed
6728;Stayed
6729;Stayed
6730;Stayed
6731;Churned
6732;Stayed
6733;Churned
6734;Stayed
6735;Churned
6736;Stayed
6737;Churned
6738;Stayed
6739;Stayed
6740;Churned
6741;Joined
6742;Stayed
6743;Churned
6744;Stayed
6745;Churned
6746;Stayed
6747;Stayed
6748;Stayed
6749;Churned
6750;Stayed
6751;Stayed
6752;Stayed
6753;Stayed
6754;Joined
6755;Stayed
6756;Stayed
6757;Stayed
6758;Stayed
6759;Stayed
6760;Churned
6761;Churned
6762;Churned
6763;Stayed
6764;Joined
6765;Joined
6766;Churned
6767;Stayed
6768;Stayed
6769;Churned
6770;Churned
6771;Joined
6772;Stayed
6773;Stayed
6774;Stayed
6775;Stayed
6776;Stayed
6777;Stayed
6778;Stayed
6779;Stayed
6780;Churned
6781;Stayed
6782;Stayed
6783;Stayed
6784;Joined
6785;Stayed
6786;Joined
6787;Stayed
6788;Joined
6789;Stayed
6790;Churned
6791;Joined
6792;Stayed
6793;Stayed
6794;Joined
6795;Stayed
6796;Stayed
6797;Stayed
6798;Stayed
6799;Churned
6800;Stayed
6801;Stayed
6802;Churned
6803;Churned
6804;Stayed
6805;Stayed
6806;Churned
6807;Stayed
6808;Churned
6809;Churned
6810;Joined
6811;Stayed
6812;Stayed
6813;Stayed
6814;Stayed
6815;Stayed
6816;Stayed
6817;Stayed
6818;Churned
6819;Churned
6820;Stayed
6821;Churned
6822;Stayed
6823;Churned
6824;Stayed
6825;Stayed
6826;Stayed
6827;Stayed
6828;Stayed
6829;Joined
6830;Stayed
6831;Stayed
6832;Stayed
6833;Stayed
6834;Stayed
6835;Joined
6836;Stayed
6837;Churned
6838;Stayed
6839;Stayed
6840;Stayed
6841;Stayed
6842;Stayed
6843;Joined
6844;Stayed
6845;Churned
6846;Churned
6847;Churned
6848;Stayed
6849;Stayed
6850;Churned
6851;Stayed
6852;Churned
6853;Churned
6854;Stayed
6855;Stayed
6856;Stayed
6857;Stayed
6858;Joined
6859;Stayed
6860;Stayed
6861;Stayed
6862;Churned
6863;Stayed
6864;Joined
6865;Joined
6866;Stayed
6867;Stayed
6868;Stayed
6869;Stayed
6870;Stayed
6871;Stayed
6872;Churned
6873;Stayed
6874;Stayed
6875;Stayed
6876;Stayed
6877;Stayed
6878;Joined
6879;Stayed
6880;Stayed
6881;Churned
6882;Stayed
6883;Stayed
6884;Stayed
6885;Stayed
6886;Stayed
6887;Stayed
6888;Stayed
6889;Stayed
6890;Stayed
6891;Churned
6892;Stayed
6893;Stayed
6894;Stayed
6895;Stayed
6896;Stayed
6897;Stayed
6898;Stayed
6899;Stayed
6900;Stayed
6901;Stayed
6902;Joined
6903;Stayed
6904;Stayed
6905;Churned
6906;Stayed
6907;Stayed
6908;Stayed
6909;Churned
6910;Stayed
6911;Churned
6912;Stayed
6913;Stayed
6914;Stayed
6915;Joined
6916;Stayed
6917;Churned
6918;Stayed
6919;Churned
6920;Stayed
6921;Joined
6922;Stayed
6923;Stayed
6924;Churned
6925;Stayed
6926;Stayed
6927;Churned
6928;Stayed
6929;Stayed
6930;Churned
6931;Stayed
6932;Churned
6933;Churned
6934;Stayed
6935;Stayed
6936;Stayed
6937;Churned
6938;Joined
6939;Stayed
6940;Stayed
6941;Stayed
6942;Stayed
6943;Churned
6944;Stayed
6945;Stayed
6946;Churned
6947;Churned
6948;Churned
6949;Stayed
6950;Stayed
6951;Stayed
6952;Stayed
6953;Churned
6954;Stayed
6955;Churned
6956;Stayed
6957;Stayed
6958;Stayed
6959;Stayed
6960;Stayed
6961;Churned
6962;Churned
6963;Stayed
6964;Stayed
6965;Stayed
6966;Churned
6967;Stayed
6968;Stayed
6969;Churned
6970;Stayed
6971;Churned
6972;Stayed
6973;Joined
6974;Stayed
6975;Churned
6976;Churned
6977;Stayed
6978;Stayed
6979;Stayed
6980;Churned
6981;Stayed
6982;Stayed
6983;Churned
6984;Stayed
6985;Stayed
6986;Stayed
6987;Stayed
6988;Stayed
6989;Stayed
6990;Stayed
6991;Stayed
6992;Churned
6993;Stayed
6994;Stayed
6995;Stayed
6996;Stayed
6997;Stayed
6998;Stayed
6999;Stayed
7000;Stayed
7001;Stayed
7002;Stayed
7003;Stayed
7004;Stayed
7005;Stayed
7006;Churned
7007;Churned
7008;Stayed
7009;Stayed
7010;Churned
7011;Stayed
7012;Churned
7013;Churned
7014;Stayed
7015;Stayed
7016;Stayed
7017;Stayed
7018;Stayed
7019;Stayed
7020;Churned
7021;Joined
7022;Stayed
7023;Churned
7024;Stayed
7025;Stayed
7026;Stayed
7027;Stayed
7028;Stayed
7029;Stayed
7030;Stayed
7031;Stayed
7032;Stayed
7033;Joined
7034;Stayed
7035;Stayed
7036;Churned
7037;Churned
7038;Stayed
7039;Churned
7040;Joined
7041;Stayed
7042;Stayed
